Date,Adj Close,Close,High,Low,Open,Volume
2020-11-30,1756.142333984375,2212.5,2320.0,2202.5,2217.5,430302
2020-12-01,1685.6981201171875,2123.75,2185.0,2087.5,2161.25,413717
2020-12-02,1678.7529296875,2115.0,2190.0,2108.75,2150.0,316513
2020-12-03,1671.8077392578125,2106.25,2122.5,2073.75,2111.25,277110
2020-12-04,1650.97216796875,2080.0,2121.25,2078.75,2107.5,246060
2020-12-07,1623.19140625,2045.0,2081.25,2038.75,2077.5,249346
2020-12-08,1607.31689453125,2025.0,2092.5,2018.75,2055.0,272060
2020-12-09,1715.463134765625,2161.25,2185.0,2023.75,2028.75,645486
2020-12-10,1696.61181640625,2137.5,2233.75,2112.5,2210.0,506970
2020-12-11,1706.533935546875,2150.0,2223.75,2148.75,2172.5,433547
2020-12-14,1668.831298828125,2102.5,2126.25,2061.25,2125.0,338122
2020-12-15,1617.238525390625,2037.5,2103.75,2037.5,2056.25,305902
2020-12-16,1590.4500732421875,2003.75,2050.0,1987.5,2028.75,318155
2020-12-17,1557.708251953125,1962.5,1995.0,1958.75,1971.25,243999
2020-12-18,1572.590576171875,1981.25,2027.5,1946.25,1951.25,379437
2020-12-21,1582.5125732421875,1993.75,2093.75,1981.25,2038.75,552857
2020-12-22,1568.6220703125,1976.25,2032.5,1957.5,1975.0,369183
2020-12-23,1591.4420166015625,2005.0,2008.75,1968.75,1976.25,260759
2020-12-24,1570.6065673828125,1978.75,2002.5,1970.0,2000.0,157865
2020-12-28,1522.9818115234375,1918.75,1963.75,1910.0,1927.5,310148
2020-12-29,1519.013427734375,1913.75,1932.5,1882.5,1895.0,391314
2020-12-30,1519.013427734375,1913.75,1926.25,1886.25,1892.5,225566
2020-12-31,1506.1153564453125,1897.5,1936.25,1892.5,1915.0,286943
2021-01-04,1571.5985107421875,1980.0,2056.25,1872.5,1875.0,716122
2021-01-05,1532.90380859375,1931.25,2000.0,1928.75,2000.0,404773
2021-01-06,1596.402587890625,2011.25,2041.25,1930.0,2020.0,822835
2021-01-07,1477.3424072265625,1861.25,1957.5,1848.75,1957.5,480905
2021-01-08,1422.77294921875,1792.5,1863.75,1786.25,1823.75,697530
2021-01-11,1484.287353515625,1870.0,1881.25,1822.5,1843.75,539513
2021-01-12,1490.2408447265625,1877.5,1927.5,1848.75,1868.75,446461
2021-01-13,1462.459716796875,1842.5,1885.0,1826.25,1875.0,335724
2021-01-14,1484.287353515625,1870.0,1878.75,1815.0,1832.5,283622
2021-01-15,1520.005859375,1915.0,1937.5,1856.25,1876.25,492682
2021-01-19,1452.5382080078125,1830.0,1891.25,1821.25,1870.0,358135
2021-01-20,1352.3287353515625,1703.75,1773.75,1687.5,1766.25,524582
2021-01-21,1317.602783203125,1660.0,1703.75,1650.0,1683.75,372114
2021-01-22,1329.5089111328125,1675.0,1687.5,1660.0,1678.75,296681
2021-01-25,1292.7984619140625,1628.75,1738.75,1601.25,1622.5,811772
2021-01-26,1290.8143310546875,1626.25,1648.75,1610.0,1623.75,361330
2021-01-27,1395.984375,1758.75,1793.75,1661.25,1661.25,863249
2021-01-28,1374.1568603515625,1731.25,1753.75,1647.5,1743.75,657142
2021-01-29,1459.483154296875,1838.75,1871.25,1741.25,1758.75,889578
2021-02-01,1350.344482421875,1701.25,1815.0,1686.25,1778.75,672315
2021-02-02,1286.845703125,1621.25,1657.5,1601.25,1655.0,464027
2021-02-03,1299.74365234375,1637.5,1640.0,1583.75,1588.75,425677
2021-02-04,1254.103759765625,1580.0,1638.75,1580.0,1616.25,376750
2021-02-05,1241.2056884765625,1563.75,1592.5,1550.0,1567.5,374802
2021-02-08,1216.4013671875,1532.5,1565.0,1531.25,1540.0,353012
2021-02-09,1217.393798828125,1533.75,1547.5,1517.5,1547.5,375858
2021-02-10,1225.3310546875,1543.75,1590.0,1507.5,1513.75,756834
2021-02-11,1205.4874267578125,1518.75,1555.0,1513.75,1522.5,556934
2021-02-12,1186.63623046875,1495.0,1546.25,1491.25,1530.0,385786
2021-02-16,1194.5736083984375,1505.0,1522.5,1470.0,1482.5,447960
2021-02-17,1212.4326171875,1527.5,1578.75,1523.75,1547.5,639890
2021-02-18,1228.307373046875,1547.5,1603.75,1537.5,1578.75,700362
2021-02-19,1244.182373046875,1567.5,1582.5,1526.25,1527.5,526438
2021-02-22,1341.4149169921875,1690.0,1692.5,1612.5,1631.25,824762
2021-02-23,1352.3287353515625,1703.75,1870.0,1677.5,1776.25,1549617
2021-02-24,1318.5948486328125,1661.25,1792.5,1656.25,1750.0,926164
2021-02-25,1458.490966796875,1837.5,1861.25,1663.75,1705.0,1519481
2021-02-26,1436.663330078125,1810.0,1870.0,1725.0,1782.5,1732058
2021-03-01,1308.6732177734375,1648.75,1747.5,1642.5,1722.5,765638
2021-03-02,1371.179931640625,1727.5,1732.5,1637.5,1640.0,614727
2021-03-03,1490.2408447265625,1877.5,1880.0,1731.25,1747.5,1314785
2021-03-04,1563.661376953125,1970.0,2045.0,1826.25,1886.25,2590718
2021-03-05,1492.2249755859375,1880.0,2097.5,1862.5,1917.5,2426704
2021-03-08,1619.2227783203125,2040.0,2047.5,1855.0,1891.25,1477632
2021-03-09,1427.73388671875,1798.75,1897.5,1758.75,1887.5,1269245
2021-03-10,1438.6478271484375,1812.5,1826.25,1716.25,1722.5,1063167
2021-03-11,1338.4383544921875,1686.25,1743.75,1656.25,1727.5,895859
2021-03-12,1371.179931640625,1727.5,1793.75,1726.25,1753.75,785867
2021-03-15,1327.524658203125,1672.5,1751.25,1670.0,1723.75,499196
2021-03-16,1305.696533203125,1645.0,1668.75,1588.75,1636.25,743275
2021-03-17,1289.8221435546875,1625.0,1721.25,1595.0,1693.75,957026
2021-03-18,1407.890380859375,1773.75,1781.25,1685.0,1701.25,810626
2021-03-19,1390.031494140625,1751.25,1815.0,1727.5,1777.5,956178
2021-03-22,1314.6260986328125,1656.25,1713.75,1621.25,1713.75,662738
2021-03-23,1332.4857177734375,1678.75,1691.25,1617.5,1640.0,811640
2021-03-24,1398.9608154296875,1762.5,1766.25,1655.0,1655.0,753206
2021-03-25,1405.9061279296875,1771.25,1840.0,1745.0,1796.25,1114960
2021-03-26,1342.406982421875,1691.25,1801.25,1687.5,1776.25,868062
2021-03-29,1344.391357421875,1693.75,1750.0,1676.25,1701.25,751013
2021-03-30,1364.2349853515625,1718.75,1765.0,1710.0,1726.25,520023
2021-03-31,1301.7279052734375,1640.0,1695.0,1613.75,1690.0,645236
2021-04-01,1234.260498046875,1555.0,1583.75,1553.75,1580.0,583808
2021-04-05,1161.8319091796875,1463.75,1522.5,1451.25,1518.75,554821
2021-04-06,1164.8087158203125,1467.5,1476.25,1438.75,1467.5,447970
2021-04-07,1154.88671875,1455.0,1485.0,1443.75,1471.25,440629
2021-04-08,1118.1763916015625,1408.75,1427.5,1407.5,1416.25,420758
2021-04-09,1098.3330078125,1383.75,1436.25,1381.25,1427.5,589418
2021-04-12,1103.2940673828125,1390.0,1413.75,1383.75,1396.25,387774
2021-04-13,1063.607177734375,1340.0,1372.5,1335.0,1368.75,466623
2021-04-14,1102.3017578125,1388.75,1398.75,1336.25,1337.5,541399
2021-04-15,1050.7088623046875,1323.75,1353.75,1320.0,1351.25,605792
2021-04-16,1047.7325439453125,1320.0,1342.5,1317.5,1321.25,399960
2021-04-19,1077.49755859375,1357.5,1380.0,1325.0,1340.0,639063
2021-04-20,1100.3173828125,1386.25,1411.25,1348.75,1363.75,575549
2021-04-21,1071.5443115234375,1350.0,1416.25,1347.5,1402.5,510230
2021-04-22,1110.2392578125,1398.75,1413.75,1342.5,1355.0,864813
2021-04-23,1068.5679931640625,1346.25,1391.25,1328.75,1390.0,486552
2021-04-26,1046.7401123046875,1318.75,1352.5,1316.25,1342.5,496975
2021-04-27,1060.630615234375,1336.25,1348.75,1313.75,1315.0,485086
2021-04-28,1072.53662109375,1351.25,1358.75,1328.75,1340.0,365026
2021-04-29,1059.6385498046875,1335.0,1376.25,1305.0,1310.0,534448
2021-04-30,1080.4739990234375,1361.25,1373.75,1335.0,1366.25,431578
2021-05-03,1097.3406982421875,1382.5,1390.0,1337.5,1347.5,363408
2021-05-04,1156.871337890625,1457.5,1507.5,1411.25,1416.25,1035810
2021-05-05,1168.77734375,1472.5,1483.75,1418.75,1430.0,496106
2021-05-06,1142.980712890625,1440.0,1507.5,1437.5,1477.5,646254
2021-05-07,1114.207763671875,1403.75,1418.75,1372.5,1401.25,606258
2021-05-10,1198.54248046875,1510.0,1512.5,1420.0,1421.25,542145
2021-05-11,1202.5108642578125,1515.0,1605.0,1505.0,1595.0,1037047
2021-05-12,1295.77490234375,1632.5,1646.25,1553.75,1587.5,1294955
2021-05-13,1267.0020751953125,1596.25,1633.75,1548.75,1587.5,939587
2021-05-14,1183.659912109375,1491.25,1555.0,1476.25,1546.25,699000
2021-05-17,1204.495361328125,1517.5,1557.5,1505.0,1515.0,551846
2021-05-18,1228.307373046875,1547.5,1552.5,1486.25,1502.5,466590
2021-05-19,1224.3387451171875,1542.5,1633.75,1537.5,1627.5,890112
2021-05-20,1152.9024658203125,1452.5,1523.75,1440.0,1521.25,665770
2021-05-21,1171.753662109375,1476.25,1482.5,1425.0,1431.25,484174
2021-05-24,1112.223388671875,1401.25,1450.0,1386.25,1445.0,458792
2021-05-25,1107.2626953125,1395.0,1412.5,1372.5,1381.25,440627
2021-05-26,1096.3485107421875,1381.25,1397.5,1375.0,1388.75,351830
2021-05-27,1109.2467041015625,1397.5,1400.0,1376.25,1386.25,354521
2021-05-28,1098.3330078125,1383.75,1387.5,1363.75,1381.25,359710
2021-06-01,1109.2467041015625,1397.5,1415.0,1360.0,1367.5,473457
2021-06-02,1103.2940673828125,1390.0,1411.25,1378.75,1392.5,399905
2021-06-03,1138.0198974609375,1433.75,1455.0,1410.0,1426.25,508244
2021-06-04,1078.48974609375,1358.75,1410.0,1353.75,1408.75,629577
2021-06-07,1069.5601806640625,1347.5,1375.0,1346.25,1367.5,412586
2021-06-08,1068.5679931640625,1346.25,1366.25,1313.75,1325.0,523978
2021-06-09,1066.583740234375,1343.75,1346.25,1318.75,1327.5,334262
2021-06-10,1032.8497314453125,1301.25,1346.25,1300.0,1340.0,777025
2021-06-11,1024.9124755859375,1291.25,1310.0,1291.25,1301.25,315215
2021-06-14,996.1395263671875,1255.0,1301.25,1255.0,1287.5,373570
2021-06-15,1014.9907836914062,1278.75,1287.5,1255.0,1257.5,452394
2021-06-16,1026.8968505859375,1293.75,1333.75,1261.25,1273.75,812466
2021-06-17,987.2097778320312,1243.75,1306.25,1232.5,1305.0,822594
2021-06-18,1010.0298461914062,1272.5,1281.25,1248.75,1261.25,652547
2021-06-21,992.1707153320312,1250.0,1296.25,1245.0,1271.25,488807
2021-06-22,964.3900756835938,1215.0,1255.0,1208.75,1251.25,591276
2021-06-23,962.4055786132812,1212.5,1221.25,1200.0,1213.75,417638
2021-06-24,944.5465698242188,1190.0,1197.5,1173.75,1191.25,562975
2021-06-25,946.5310668945312,1192.5,1201.25,1181.25,1183.75,473511
2021-06-28,912.7969970703125,1150.0,1181.25,1148.75,1181.25,479222
2021-06-29,902.8753051757812,1137.5,1161.25,1137.5,1152.5,413761
2021-06-30,906.8440551757812,1142.5,1148.75,1136.25,1140.0,361911
2021-07-01,906.8440551757812,1142.5,1160.0,1137.5,1147.5,374674
2021-07-02,875.0946044921875,1102.5,1126.25,1100.0,1123.75,452681
2021-07-06,865.1728515625,1090.0,1122.5,1085.0,1096.25,752240
2021-07-07,858.2277221679688,1081.25,1100.0,1065.0,1067.5,795751
2021-07-08,874.1024780273438,1101.25,1140.0,1092.5,1127.5,882074
2021-07-09,857.235595703125,1080.0,1112.5,1076.25,1107.5,516157
2021-07-12,848.305908203125,1068.75,1082.5,1063.75,1066.25,418965
2021-07-13,848.305908203125,1068.75,1075.0,1040.0,1071.25,832274
2021-07-14,843.3451538085938,1062.5,1070.0,1040.0,1046.25,776626
2021-07-15,860.2120971679688,1083.75,1102.5,1061.25,1062.5,900884
2021-07-16,881.0477294921875,1110.0,1113.75,1067.5,1075.0,660944
2021-07-19,902.8753051757812,1137.5,1162.5,1132.5,1143.75,1068910
2021-07-20,872.1182250976562,1098.75,1146.25,1083.75,1127.5,739705
2021-07-21,851.2826538085938,1072.5,1103.75,1072.5,1102.5,455142
2021-07-22,833.4235229492188,1050.0,1071.25,1050.0,1071.25,494978
2021-07-23,805.6427001953125,1015.0,1050.0,1011.25,1038.75,686675
2021-07-26,803.658447265625,1012.5,1027.5,1008.75,1020.0,470524
2021-07-27,829.454833984375,1045.0,1081.25,1013.75,1013.75,1006849
2021-07-28,819.5330810546875,1032.5,1055.0,1018.75,1036.25,836006
2021-07-29,814.5722045898438,1026.25,1037.5,1017.5,1037.5,515245
2021-07-30,827.4703979492188,1042.5,1062.5,1038.75,1061.25,640469
2021-08-02,827.4703979492188,1042.5,1048.75,1023.75,1028.75,576138
2021-08-03,812.5878295898438,1023.75,1066.25,1023.75,1037.5,657346
2021-08-04,808.6192626953125,1018.75,1033.75,1011.25,1025.0,558566
2021-08-05,793.736572265625,1000.0,1018.75,998.75,1013.75,434928
2021-08-06,803.658447265625,1012.5,1022.5,1002.5,1010.0,538201
2021-08-09,800.681884765625,1008.75,1018.75,1003.75,1008.75,532328
2021-08-10,812.5878295898438,1023.75,1033.75,1001.25,1003.75,625858
2021-08-11,815.5643920898438,1027.5,1040.0,1007.5,1012.5,626026
2021-08-12,806.6348266601562,1016.25,1045.0,1013.75,1032.5,457466
2021-08-13,798.6974487304688,1006.25,1018.75,1003.75,1015.0,367321
2021-08-16,797.705322265625,1005.0,1048.75,1005.0,1016.25,734373
2021-08-17,819.5330810546875,1032.5,1052.5,1020.0,1027.5,1162784
2021-08-18,843.3451538085938,1062.5,1065.0,1023.75,1037.5,930999
2021-08-19,829.454833984375,1045.0,1081.25,1031.25,1080.0,1053963
2021-08-20,803.658447265625,1012.5,1040.0,1010.0,1037.5,721627
2021-08-23,767.940185546875,967.5,1005.0,962.5,1003.75,732145
2021-08-24,760.9949340820312,958.75,967.5,953.75,962.5,483904
2021-08-25,760.0029296875,957.5,963.75,951.25,957.5,496667
2021-08-26,772.9010009765625,973.75,977.5,956.25,962.5,771065
2021-08-27,751.0733032226562,946.25,972.5,941.25,968.75,592823
2021-08-30,724.2847290039062,912.5,940.0,910.0,940.0,645950
2021-08-31,726.2691040039062,915.0,927.5,911.25,912.5,624342
2021-09-01,723.29248046875,911.25,912.5,896.25,907.5,627782
2021-09-02,725.27685546875,913.75,921.25,898.75,902.5,685212
2021-09-03,717.3394775390625,903.75,921.25,901.25,920.0,570295
2021-09-07,713.3707885742188,898.75,912.5,895.0,902.5,523952
2021-09-08,722.30029296875,910.0,926.25,901.25,902.5,700440
2021-09-09,729.2454833984375,918.75,921.25,900.0,908.75,727511
2021-09-10,747.1046752929688,941.25,942.5,900.0,906.25,778042
2021-09-13,748.0968017578125,942.5,957.5,918.75,922.5,1081866
2021-09-14,754.0498657226562,950.0,957.5,923.75,930.0,896416
2021-09-15,736.190673828125,927.5,963.75,925.0,946.25,713430
2021-09-16,736.190673828125,927.5,953.75,922.5,937.5,664802
2021-09-17,761.9872436523438,960.0,967.5,930.0,930.0,929447
2021-09-20,808.6192626953125,1018.75,1056.25,991.25,1003.75,1277145
2021-09-21,806.6348266601562,1016.25,1025.0,992.5,1002.5,932269
2021-09-22,782.8228149414062,986.25,1016.25,973.75,1006.25,892691
2021-09-23,760.9949340820312,958.75,982.5,950.0,976.25,683782
2021-09-24,758.0185546875,955.0,980.0,952.5,977.5,580513
2021-09-27,776.8697509765625,978.75,998.75,972.5,981.25,651476
2021-09-28,842.35302734375,1061.25,1066.25,1011.25,1017.5,1282712
2021-09-29,847.3139038085938,1067.5,1073.75,1031.25,1050.0,988428
2021-09-30,856.2434692382812,1078.75,1082.5,1037.5,1053.75,1102799
2021-10-01,840.3687133789062,1058.75,1111.25,1048.75,1073.75,912870
2021-10-04,892.9537963867188,1125.0,1146.25,1070.0,1073.75,1093242
2021-10-05,856.2434692382812,1078.75,1117.5,1057.5,1115.0,937071
2021-10-06,840.3687133789062,1058.75,1118.75,1056.25,1110.0,1166859
2021-10-07,816.5565795898438,1028.75,1036.25,1006.25,1030.0,832074
2021-10-08,830.4470825195312,1046.25,1050.0,1017.5,1020.0,715582
2021-10-11,848.305908203125,1068.75,1070.0,1027.5,1058.75,835242
2021-10-12,856.2434692382812,1078.75,1086.25,1051.25,1056.25,847504
2021-10-13,836.4000244140625,1053.75,1077.5,1047.5,1058.75,716126
2021-10-14,789.7678833007812,995.0,1027.5,993.75,1021.25,725419
2021-10-15,774.8853759765625,976.25,995.0,976.25,985.0,499992
2021-10-18,751.0733032226562,946.25,992.5,946.25,987.5,595456
2021-10-19,736.190673828125,927.5,945.0,925.0,938.75,562785
2021-10-20,737.1829833984375,928.75,941.25,917.5,922.5,593636
2021-10-21,724.2847290039062,912.5,938.75,911.25,935.0,534139
2021-10-22,742.1436767578125,935.0,948.75,913.75,922.5,744554
2021-10-25,719.3239135742188,906.25,940.0,898.75,925.0,661824
2021-10-26,713.3707885742188,898.75,907.5,872.5,890.0,1045786
2021-10-27,707.4177856445312,891.25,897.5,868.75,895.0,907050
2021-10-28,684.5977783203125,862.5,883.75,860.0,878.75,790056
2021-10-29,673.6840209960938,848.75,886.25,847.5,883.75,817806
2021-11-01,667.7308959960938,841.25,861.25,840.0,846.25,738097
2021-11-02,657.809326171875,828.75,845.0,826.25,843.75,628822
2021-11-03,636.9737548828125,802.5,833.75,800.0,826.25,964349
2021-11-04,614.1536865234375,773.75,798.75,766.25,795.0,1189771
2021-11-05,612.1693725585938,771.25,778.75,756.25,761.25,1189386
2021-11-08,614.1536865234375,773.75,777.5,763.75,771.25,805918
2021-11-09,626.0596923828125,788.75,797.5,765.0,767.5,1288020
2021-11-10,654.832763671875,825.0,836.25,788.75,806.25,1627902
2021-11-11,647.887451171875,816.25,820.0,802.5,805.0,766002
2021-11-12,627.0518798828125,790.0,820.0,787.5,808.75,923637
2021-11-15,628.0441284179688,791.25,807.5,781.25,785.0,1015658
2021-11-16,614.1536865234375,773.75,797.5,771.25,796.25,749792
2021-11-17,614.1536865234375,773.75,780.0,761.25,773.75,755726
2021-11-18,594.310302734375,748.75,775.0,746.25,761.25,1138758
2021-11-19,584.388671875,736.25,745.0,730.0,740.0,984478
2021-11-22,606.21630859375,763.75,763.75,711.25,728.75,1264390
2021-11-23,614.1536865234375,773.75,800.0,757.5,770.0,1646844
2021-11-24,607.20849609375,765.0,802.5,763.75,787.5,1152980
2021-11-26,640.9424438476562,807.5,817.5,772.5,781.25,1170100
2021-11-29,600.2633666992188,756.25,785.0,748.75,778.75,1169657
2021-11-30,626.0596923828125,788.75,801.25,747.5,761.25,1543781
2021-12-01,659.7935791015625,831.25,832.5,748.75,762.5,1656606
2021-12-02,643.9188232421875,811.25,847.5,798.75,838.75,1980022
2021-12-03,676.6605224609375,852.5,880.0,796.25,802.5,2050901
2021-12-06,660.7857666015625,832.5,878.75,823.75,851.25,1403894
2021-12-07,600.2633666992188,756.25,790.0,753.75,788.75,1571655
2021-12-08,593.318115234375,747.5,767.5,746.25,755.0,1344246
2021-12-09,618.122314453125,778.75,781.25,743.75,755.0,1580057
2021-12-10,598.2789916992188,753.75,782.5,752.5,762.5,1551425
2021-12-13,625.0675659179688,787.5,790.0,753.75,753.75,1289205
2021-12-14,643.9188232421875,811.25,838.75,800.0,816.25,1465780
2021-12-15,601.2554321289062,757.5,838.75,753.75,813.75,1930296
2021-12-16,644.9110717773438,812.5,823.75,747.5,750.0,1826062
2021-12-17,654.832763671875,825.0,846.25,798.75,837.5,1646915
2021-12-20,674.67626953125,850.0,871.25,845.0,858.75,1523595
2021-12-21,629.0362548828125,792.5,853.75,791.25,827.5,1281175
2021-12-22,607.20849609375,765.0,800.0,762.5,795.0,1045811
2021-12-23,593.318115234375,747.5,763.75,737.5,762.5,959705
2021-12-27,564.545166015625,711.25,740.0,710.0,740.0,813840
2021-12-28,570.498291015625,718.75,725.0,703.75,706.25,1000894
2021-12-29,571.4903564453125,720.0,733.75,711.25,717.5,1008058
2021-12-30,576.4512329101562,726.25,730.0,708.75,721.25,609786
2021-12-31,589.3494262695312,742.5,742.5,722.5,730.0,746444
2022-01-03,569.5060424804688,717.5,745.0,717.5,733.75,1061733
2022-01-04,592.3258666992188,746.25,763.75,715.0,715.0,1511388
2022-01-05,647.887451171875,816.25,816.25,748.75,755.0,1884943
2022-01-06,648.8797607421875,817.5,841.25,795.0,827.5,1697661
2022-01-07,668.7230834960938,842.5,855.0,805.0,817.5,1818413
2022-01-10,665.74658203125,838.75,913.75,837.5,876.25,2175641
2022-01-11,637.9658813476562,803.75,861.25,802.5,847.5,1981070
2022-01-12,629.0362548828125,792.5,808.75,776.25,787.5,1872105
2022-01-13,675.86669921875,851.5,859.5,781.0,785.5,2463012
2022-01-14,664.7544555664062,837.5,872.25,835.0,871.5,2530424
2022-01-18,712.378662109375,897.5,904.75,862.25,876.5,2285648
2022-01-19,737.1829833984375,928.75,931.0,869.0,887.75,2142972
2022-01-20,766.154296875,965.25,969.5,872.75,904.0,2490764
2022-01-21,829.2562866210938,1044.75,1047.75,961.25,983.25,3688784
2022-01-24,818.9378051757812,1031.75,1202.0,1025.0,1097.5,5002264
2022-01-25,874.6978149414062,1102.0,1132.5,1051.0,1089.25,3724080
2022-01-26,876.0867919921875,1103.75,1144.0,989.25,1027.25,4137808
2022-01-27,904.859619140625,1140.0,1150.75,1043.75,1061.25,3241740
2022-01-28,819.9299926757812,1033.0,1172.5,1031.25,1121.25,3215804
2022-01-31,741.7469482421875,934.5,1035.5,928.75,1020.5,2649408
2022-02-01,725.8721923828125,914.5,963.75,909.25,923.0,2300808
2022-02-02,708.6083984375,892.75,924.0,880.5,882.5,3114968
2022-02-03,792.94287109375,999.0,1008.5,940.0,964.0,3094864
2022-02-04,764.9636840820312,963.75,1013.75,933.25,995.75,3131544
2022-02-07,781.036865234375,984.0,995.5,937.25,956.5,2208932
2022-02-08,755.63720703125,952.0,1004.5,942.5,995.25,2746608
2022-02-09,707.6162719726562,891.5,928.0,890.75,915.0,2558792
2022-02-10,754.6452026367188,950.75,965.25,893.0,943.75,4892468
2022-02-11,825.883056640625,1040.5,1052.0,938.25,951.5,4719456
2022-02-14,823.8986206054688,1038.0,1070.75,1007.0,1048.0,4409604
2022-02-15,762.9794311523438,961.25,999.75,959.0,990.0,3257272
2022-02-16,763.5746459960938,962.0,1005.0,953.25,978.75,3210900
2022-02-17,831.2406616210938,1047.25,1051.0,982.75,988.75,3125896
2022-02-18,859.0214233398438,1082.25,1105.0,1035.25,1038.75,4715736
2022-02-22,885.016357421875,1115.0,1151.75,1059.25,1112.25,4512972
2022-02-23,952.682373046875,1200.25,1204.75,1075.5,1084.25,4204740
2022-02-24,859.6167602539062,1083.0,1321.75,1074.75,1317.5,5934020
2022-02-25,816.9534301757812,1029.25,1110.0,1028.25,1072.5,3413828
2022-02-28,808.2223510742188,1018.25,1069.5,1005.0,1058.75,4508668
2022-03-01,846.32177734375,1066.25,1089.5,1009.5,1029.75,4522300
2022-03-02,805.2457275390625,1014.5,1079.25,1001.5,1053.0,3278888
2022-03-03,838.78125,1056.75,1073.5,988.75,989.75,3580056
2022-03-04,875.2930908203125,1102.75,1125.0,1066.0,1079.5,3857536
2022-03-07,972.525634765625,1225.25,1227.25,1091.5,1102.75,4043464
2022-03-08,985.6224365234375,1241.75,1280.5,1130.0,1234.0,5300648
2022-03-09,880.2538452148438,1109.0,1175.75,1092.0,1145.0,3536828
2022-03-10,908.2332153320312,1144.25,1190.0,1132.25,1149.25,3202840
2022-03-11,963.1993408203125,1213.5,1220.75,1109.75,1113.5,2969092
2022-03-14,1019.7531127929688,1284.75,1293.75,1191.0,1230.5,3304364
2022-03-15,925.4970703125,1166.0,1272.75,1155.0,1253.25,3607456
2022-03-16,821.1205444335938,1034.5,1161.5,1033.75,1122.5,4563808
2022-03-17,792.1492309570312,998.0,1064.75,997.5,1052.75,2937548
2022-03-18,743.9296264648438,937.25,1022.5,933.25,1012.25,3971724
2022-03-21,748.8904418945312,943.5,979.5,924.5,942.75,4147072
2022-03-22,705.0365600585938,888.25,942.5,880.75,939.25,3432396
2022-03-23,734.8015747070312,925.75,926.25,882.5,910.0,4010948
2022-03-24,686.3837890625,864.75,928.0,864.25,910.5,3301944
2022-03-25,687.5744018554688,866.25,898.5,857.25,865.5,3864572
2022-03-28,656.0233764648438,826.5,876.0,825.5,866.75,3197116
2022-03-29,622.4879760742188,784.25,818.25,779.25,799.5,3530992
2022-03-30,641.3391723632812,808.0,819.5,785.0,795.75,3498752
2022-03-31,668.127685546875,841.75,845.25,806.25,808.75,3417516
2022-04-01,670.310546875,844.5,867.5,832.0,837.75,3609204
2022-04-04,629.2348022460938,792.75,840.5,792.5,838.5,2318032
2022-04-05,670.1121826171875,844.25,852.5,797.25,801.75,3201616
2022-04-06,713.9660034179688,899.5,919.25,875.5,883.5,4899032
2022-04-07,709.2037353515625,893.5,935.25,876.5,907.75,4100540
2022-04-08,738.175048828125,930.0,936.0,901.5,907.25,3449684
2022-04-11,790.561767578125,996.0,1000.0,958.5,966.5,3374824
2022-04-12,801.4755859375,1009.75,1022.75,937.75,954.25,4413968
2022-04-13,753.2560424804688,949.0,1013.75,939.25,1007.25,3171028
2022-04-14,804.4520874023438,1013.5,1015.5,943.0,947.75,3253840
2022-04-18,801.277099609375,1009.5,1037.5,990.0,1023.25,3508836
2022-04-19,749.4857788085938,944.25,1026.5,938.5,1017.25,2987948
2022-04-20,782.6243896484375,986.0,995.25,933.0,936.25,3576816
2022-04-21,829.454833984375,1045.0,1054.5,927.5,950.5,4630692
2022-04-22,895.7318115234375,1128.5,1132.5,1033.0,1045.0,4940836
2022-04-25,860.8072509765625,1084.5,1159.25,1081.5,1146.0,5421316
2022-04-26,956.45263671875,1205.0,1210.25,1103.75,1105.5,5077216
2022-04-27,961.612060546875,1211.5,1232.0,1141.5,1206.5,5829940
2022-04-28,860.2120971679688,1083.75,1202.75,1061.25,1153.0,5723740
2022-04-29,972.9227294921875,1225.75,1235.25,1090.5,1126.0,5015468
2022-05-02,925.4970703125,1166.0,1271.75,1165.0,1234.0,6428780
2022-05-03,923.3140258789062,1163.25,1194.75,1138.0,1167.5,4766172
2022-05-04,829.2562866210938,1044.75,1217.75,1038.25,1158.25,6580312
2022-05-05,951.49169921875,1198.75,1235.25,1087.0,1088.25,7009468
2022-05-06,988.400634765625,1245.25,1294.75,1179.25,1227.5,8025804
2022-05-09,1103.4923095703125,1390.25,1409.75,1286.25,1316.75,6604632
2022-05-10,1064.5992431640625,1341.25,1400.5,1272.0,1289.0,7557852
2022-05-11,1159.450927734375,1460.75,1473.0,1297.75,1373.0,6981532
2022-05-12,1165.999267578125,1469.0,1565.25,1402.25,1527.75,7027452
2022-05-13,1040.588623046875,1311.0,1427.75,1292.0,1402.75,5057648
2022-05-16,1072.53662109375,1351.25,1370.0,1304.25,1331.25,4404012
2022-05-17,991.1785278320312,1248.75,1324.75,1243.25,1271.75,4784056
2022-05-18,1135.2415771484375,1430.25,1448.0,1296.0,1305.0,5215416
2022-05-19,1156.0772705078125,1456.5,1485.0,1383.5,1460.25,6404000
2022-05-20,1165.4036865234375,1468.25,1596.5,1391.0,1401.0,6868708
2022-05-23,1107.461181640625,1395.25,1489.75,1390.0,1452.5,4436192
2022-05-24,1177.5084228515625,1483.5,1555.75,1461.5,1472.0,5539212
2022-05-25,1129.09033203125,1422.5,1511.5,1388.75,1508.0,4375324
2022-05-26,1035.0325927734375,1304.0,1438.0,1280.5,1433.25,3963396
2022-05-27,932.839111328125,1175.25,1263.0,1174.25,1261.75,3916116
2022-05-31,938.7919921875,1182.75,1230.25,1150.5,1175.5,4911328
2022-06-01,962.4055786132812,1212.5,1237.5,1134.75,1159.75,5011744
2022-06-02,883.0320434570312,1112.5,1242.5,1110.0,1225.25,4431472
2022-06-03,951.6902465820312,1199.0,1212.5,1153.25,1168.75,4994408
2022-06-06,941.570068359375,1186.25,1205.5,1126.25,1145.25,3984216
2022-06-07,917.7578735351562,1156.25,1239.25,1146.75,1226.5,3843756
2022-06-08,936.6092529296875,1180.0,1190.5,1134.5,1165.25,3043312
2022-06-09,1012.6094970703125,1275.75,1277.75,1165.0,1201.0,4475016
2022-06-10,1121.5498046875,1413.0,1417.0,1334.0,1349.25,5553064
2022-06-13,1274.1456298828125,1605.25,1621.0,1506.5,1545.25,6229200
2022-06-14,1266.6051025390625,1595.75,1644.0,1550.75,1566.75,4823148
2022-06-15,1174.134765625,1479.25,1587.0,1409.5,1538.0,5680904
2022-06-16,1311.4512939453125,1652.25,1692.25,1585.75,1593.75,5204240
2022-06-17,1269.1849365234375,1599.0,1676.0,1552.25,1644.5,4915264
2022-06-21,1174.333251953125,1479.5,1520.75,1437.5,1519.0,3276112
2022-06-22,1178.50048828125,1484.75,1528.5,1414.0,1519.75,4059560
2022-06-23,1128.0982666015625,1421.25,1491.0,1405.5,1445.0,4031316
2022-06-24,1012.212646484375,1275.25,1379.75,1275.0,1376.75,3468036
2022-06-27,1031.857666015625,1300.0,1316.0,1247.75,1254.5,3372432
2022-06-28,1126.5106201171875,1419.25,1422.75,1258.5,1294.5,4694136
2022-06-29,1124.129638671875,1416.25,1460.75,1392.75,1423.0,4475008
2022-06-30,1167.586669921875,1471.0,1536.75,1415.5,1462.0,5637276
2022-07-01,1143.37744140625,1440.5,1521.0,1434.25,1490.5,4207444
2022-07-05,1084.64111328125,1366.5,1523.5,1365.5,1499.5,4491676
2022-07-06,1064.5992431640625,1341.25,1386.25,1310.0,1361.5,3674336
2022-07-07,997.7268676757812,1257.0,1328.5,1245.25,1328.5,3161456
2022-07-08,992.9645385742188,1251.0,1304.75,1232.75,1292.75,4071456
2022-07-11,1056.46337890625,1331.0,1342.25,1279.0,1282.75,3558416
2022-07-12,1087.0224609375,1369.5,1392.0,1286.25,1314.0,4128664
2022-07-13,1093.7689208984375,1378.0,1459.0,1343.25,1451.25,5483800
2022-07-14,1082.061279296875,1363.25,1462.75,1351.0,1417.5,4586740
2022-07-15,1024.7139892578125,1291.0,1344.0,1288.25,1319.0,3976528
2022-07-18,1049.5184326171875,1322.25,1337.75,1233.0,1252.0,4408460
2022-07-19,955.4602661132812,1203.75,1294.25,1196.5,1271.5,4049228
2022-07-20,908.0347900390625,1144.0,1205.0,1128.75,1195.5,4766424
2022-07-21,869.1414794921875,1095.0,1169.25,1094.5,1138.75,4779216
2022-07-22,914.384521484375,1152.0,1172.5,1082.25,1105.0,4856300
2022-07-25,929.2672729492188,1170.75,1196.0,1146.75,1152.5,3781684
2022-07-26,984.6301879882812,1240.5,1251.25,1190.25,1193.0,3663640
2022-07-27,862.5932006835938,1086.75,1190.0,1061.75,1182.25,5163596
2022-07-28,836.0031127929688,1053.25,1127.5,1046.75,1087.0,4502604
2022-07-29,790.3631591796875,995.75,1051.75,986.25,1036.75,4732772
2022-08-01,791.5538330078125,997.25,1023.5,964.0,1013.0,5015672
2022-08-02,799.2928466796875,1007.0,1030.25,966.5,1020.25,5759928
2022-08-03,735.3970336914062,926.5,991.0,916.5,990.0,4973152
2022-08-04,724.2847290039062,912.5,943.5,909.5,924.75,4754776
2022-08-05,741.7469482421875,934.5,963.25,917.25,956.75,5466936
2022-08-08,749.0889282226562,943.75,957.0,894.0,926.25,4836804
2022-08-09,774.2901611328125,975.5,991.0,958.75,961.5,4435956
2022-08-10,710.9896850585938,895.75,930.5,892.0,907.25,4358428
2022-08-11,721.1096801757812,908.5,916.5,858.5,875.5,4939204
2022-08-12,680.4308471679688,857.25,903.75,855.75,892.75,3620808
2022-08-15,663.7623291015625,836.25,865.5,832.5,865.0,3557064
2022-08-16,668.524658203125,842.25,866.25,826.25,844.25,4357188
2022-08-17,692.1383056640625,872.0,887.75,849.0,867.0,5090932
2022-08-18,687.3759155273438,866.0,885.75,856.0,872.75,3609368
2022-08-19,727.4596557617188,916.5,923.0,885.5,890.75,4293620
2022-08-22,784.6087646484375,988.5,996.5,952.25,954.75,4219628
2022-08-23,787.38671875,992.0,999.5,964.5,992.25,4155740
2022-08-24,780.6400146484375,983.5,1002.5,965.75,996.75,3216120
2022-08-25,740.1593627929688,932.5,977.25,932.0,967.0,3464412
2022-08-26,830.645263671875,1046.5,1047.75,924.0,934.75,6655140
2022-08-29,855.6480102539062,1078.0,1089.75,1050.0,1077.0,5322840
2022-08-30,883.6272583007812,1113.25,1142.25,1054.0,1060.5,6238408
2022-08-31,900.6927490234375,1134.75,1135.5,1071.25,1081.0,5426308
2022-09-01,899.3037109375,1133.0,1207.0,1129.0,1164.5,6678800
2022-09-02,937.2046508789062,1180.75,1201.0,1084.5,1100.25,7107096
2022-09-06,958.2386474609375,1207.25,1234.5,1165.25,1177.0,5886724
2022-09-07,901.2880249023438,1135.5,1205.25,1122.25,1202.75,4884604
2022-09-08,886.8024291992188,1117.25,1175.0,1102.5,1159.5,6072296
2022-09-09,830.2484741210938,1046.0,1092.75,1039.25,1092.75,5438180
2022-09-12,799.88818359375,1007.75,1033.75,1004.25,1030.25,4783456
2022-09-13,931.8468627929688,1174.0,1182.75,1083.0,1095.25,7228956
2022-09-14,909.6221923828125,1146.0,1181.25,1134.75,1159.75,5823460
2022-09-15,955.2620239257812,1203.5,1222.5,1140.5,1169.5,6650340
2022-09-16,974.7086791992188,1228.0,1272.25,1221.0,1246.75,7079368
2022-09-19,950.896484375,1198.0,1261.5,1195.75,1260.25,4849824
2022-09-20,973.9146118164062,1227.0,1255.75,1198.0,1229.25,4766140
2022-09-21,1027.4920654296875,1294.5,1294.75,1160.25,1215.75,7228240
2022-09-22,1065.194580078125,1342.0,1358.75,1301.0,1315.75,6076316
2022-09-23,1116.3905029296875,1406.5,1457.75,1374.0,1378.25,6951228
2022-09-26,1130.4794921875,1424.25,1437.5,1346.5,1415.75,6526216
2022-09-27,1129.6856689453125,1423.25,1461.0,1334.0,1371.0,6013168
2022-09-28,1065.194580078125,1342.0,1448.5,1319.25,1424.25,5414920
2022-09-29,1153.8946533203125,1453.75,1500.5,1393.5,1399.0,6441620
2022-09-30,1216.7984619140625,1533.0,1533.75,1404.0,1470.75,6364628
2022-10-03,1130.4794921875,1424.25,1527.25,1396.0,1500.0,5052244
2022-10-04,1025.111083984375,1291.5,1338.75,1279.0,1338.25,5518428
2022-10-05,1024.1185302734375,1290.25,1380.75,1267.0,1343.0,5536968
2022-10-06,1051.105712890625,1324.25,1328.75,1263.5,1307.0,5368284
2022-10-07,1172.150390625,1476.75,1495.5,1390.25,1392.5,6214216
2022-10-10,1209.059326171875,1523.25,1565.75,1466.5,1472.5,5670232
2022-10-11,1254.103759765625,1580.0,1612.5,1499.75,1550.0,6293884
2022-10-12,1257.0806884765625,1583.75,1598.5,1536.75,1572.25,5144324
2022-10-13,1172.9442138671875,1477.75,1738.75,1449.75,1722.0,9026712
2022-10-14,1277.519287109375,1609.5,1618.5,1426.25,1436.75,6790660
2022-10-17,1150.9180908203125,1450.0,1496.0,1432.5,1494.75,5615660
2022-10-18,1122.9388427734375,1414.75,1458.25,1321.75,1332.75,6607288
2022-10-19,1134.249755859375,1429.0,1467.75,1380.25,1438.75,5785016
2022-10-20,1154.6884765625,1454.75,1471.75,1362.5,1446.0,5846476
2022-10-21,1073.1319580078125,1352.0,1490.75,1343.0,1471.5,6654412
2022-10-24,1036.6201171875,1306.0,1402.0,1292.5,1347.75,5843900
2022-10-25,974.5101928710938,1227.75,1293.5,1221.0,1293.5,4835340
2022-10-26,1038.2073974609375,1308.0,1314.0,1229.5,1301.25,6466312
2022-10-27,1095.356689453125,1380.0,1387.5,1303.75,1325.0,5478464
2022-10-28,995.7425537109375,1254.5,1392.25,1246.25,1390.75,5894564
2022-10-31,1029.873291015625,1297.5,1323.5,1273.5,1284.5,4618724
2022-11-01,1061.4241943359375,1337.25,1342.75,1240.0,1248.5,4752660
2022-11-02,1171.5552978515625,1476.0,1476.5,1292.5,1338.5,7705636
2022-11-03,1239.22119140625,1561.25,1570.25,1496.5,1521.25,5577608
2022-11-04,1181.675537109375,1488.75,1589.25,1437.75,1471.5,6925812
2022-11-07,1144.17138671875,1441.5,1508.25,1430.5,1471.0,3916028
2022-11-08,1119.1685791015625,1410.0,1474.5,1355.25,1415.5,4982892
2022-11-09,1197.9468994140625,1509.25,1513.5,1426.75,1439.75,4922032
2022-11-10,934.2280883789062,1177.0,1327.75,1170.0,1290.75,7252696
2022-11-11,880.4522094726562,1109.25,1193.5,1100.5,1176.5,5596412
2022-11-14,903.2723999023438,1138.0,1150.0,1094.5,1133.5,5073992
2022-11-15,866.5618286132812,1091.75,1132.25,1044.75,1057.0,7460240
2022-11-16,901.8832397460938,1136.25,1146.25,1110.5,1114.25,5197948
2022-11-17,908.6300048828125,1144.75,1193.75,1127.25,1191.75,5314072
2022-11-18,909.4237670898438,1145.75,1175.75,1107.5,1108.75,4449128
2022-11-21,937.4029541015625,1181.0,1191.75,1148.75,1163.75,3922452
2022-11-22,899.3037109375,1133.0,1200.0,1129.0,1172.75,3201348
2022-11-23,871.919677734375,1098.5,1134.25,1090.5,1131.75,3996692
2022-11-25,889.580322265625,1120.75,1126.25,1109.25,1117.25,1491808
2022-11-28,929.2672729492188,1170.75,1181.5,1120.5,1145.25,3394352
2022-11-29,950.896484375,1198.0,1215.25,1163.0,1168.0,3754160
2022-11-30,821.1205444335938,1034.5,1205.75,1033.0,1194.75,6031996
2022-12-01,818.5409545898438,1031.25,1061.0,1011.75,1031.5,3732664
2022-12-02,829.2562866210938,1044.75,1088.25,1034.25,1085.75,4835984
2022-12-05,870.1337890625,1096.25,1113.0,1053.5,1067.25,3837856
2022-12-06,924.306396484375,1164.5,1182.25,1097.5,1099.5,4323328
2022-12-07,937.4029541015625,1181.0,1202.25,1155.0,1181.75,5289168
2022-12-08,904.859619140625,1140.0,1191.25,1127.5,1164.25,4458776
2022-12-09,922.5203247070312,1162.25,1168.25,1119.0,1153.0,4945192
2022-12-12,888.3897094726562,1119.25,1173.75,1118.25,1160.25,3560496
2022-12-13,860.013671875,1083.5,1116.0,987.0,989.0,7182212
2022-12-14,881.6429443359375,1110.75,1145.25,1052.5,1090.0,6285132
2022-12-15,967.9618530273438,1219.5,1235.0,1149.5,1158.0,5325876
2022-12-16,996.9332275390625,1256.0,1278.0,1209.5,1230.25,4727296
2022-12-19,1038.009033203125,1307.75,1327.25,1252.25,1254.0,4041028
2022-12-20,1042.37451171875,1313.25,1351.25,1287.5,1328.0,3907416
2022-12-21,998.123779296875,1257.5,1311.25,1237.5,1298.25,3752872
2022-12-22,1069.795166015625,1343.75,1406.5,1295.75,1298.0,4599324
2022-12-23,1064.8194580078125,1337.5,1397.0,1328.5,1368.5,4367988
2022-12-27,1110.7957763671875,1395.25,1404.25,1346.5,1348.75,3660576
2022-12-28,1155.77685546875,1451.75,1457.25,1366.25,1403.75,4204552
2022-12-29,1071.9844970703125,1346.5,1418.5,1331.75,1406.0,3311864
2022-12-30,1074.9700927734375,1350.25,1411.5,1349.0,1391.5,3435280
2023-01-03,1097.6595458984375,1378.75,1414.25,1292.0,1314.75,3427468
2023-01-04,1082.93115234375,1360.25,1409.75,1332.75,1346.0,4712432
2023-01-05,1133.0870361328125,1423.25,1429.75,1384.5,1387.25,4053192
2023-01-06,1042.926025390625,1310.0,1446.0,1288.25,1398.0,5119524
2023-01-09,1020.6342163085938,1282.0,1291.75,1213.25,1278.5,4145676
2023-01-10,995.7554931640625,1250.75,1305.5,1249.25,1298.25,3882072
2023-01-11,944.604248046875,1186.5,1247.0,1185.0,1236.0,3468504
2023-01-12,930.2738037109375,1168.5,1237.25,1155.75,1181.75,6435924
2023-01-13,911.7639770507812,1145.25,1206.0,1142.25,1201.25,3974484
2023-01-17,907.9824829101562,1140.5,1163.0,1123.0,1149.0,3384780
2023-01-18,942.2156982421875,1183.5,1186.5,1101.25,1120.0,4911464
2023-01-19,971.6724243164062,1220.5,1236.25,1191.75,1206.5,4484904
2023-01-20,891.4627075195312,1119.75,1213.25,1116.75,1199.0,4341696
2023-01-23,832.7484130859375,1046.0,1119.75,1031.5,1111.0,4821448
2023-01-24,838.520263671875,1053.25,1070.5,1040.25,1065.0,3832608
2023-01-25,844.2922973632812,1060.5,1132.25,1053.75,1104.0,5441508
2023-01-26,795.9275512695312,999.75,1053.25,998.0,1022.75,4899540
2023-01-27,773.238037109375,971.25,1015.25,950.0,1014.25,5048092
2023-01-30,820.0103759765625,1030.0,1033.0,989.25,1004.0,4807064
2023-01-31,783.3886108398438,984.0,1030.75,982.5,1029.25,3964236
2023-02-01,733.2326049804688,921.0,1007.0,895.75,986.25,7747832
2023-02-02,657.0032958984375,825.25,868.75,805.0,861.25,8653668
2023-02-03,690.0427856445312,866.75,880.0,818.0,876.75,8500320
2023-02-06,708.1546020507812,889.5,901.0,869.75,890.0,5101212
2023-02-07,664.3675537109375,834.5,901.0,824.5,891.0,7799436
2023-02-08,699.7952880859375,879.0,885.0,837.75,845.75,5787380
2023-02-09,719.1013793945312,903.25,916.75,840.0,841.75,6190860
2023-02-10,733.8297119140625,921.75,944.0,905.25,924.25,6376936
2023-02-13,698.6010131835938,877.5,920.5,872.5,909.0,4350812
2023-02-14,683.8726806640625,859.0,909.75,850.5,892.75,8257436
2023-02-15,668.3482666015625,839.5,881.0,838.5,875.5,4850708
2023-02-16,706.562255859375,887.5,889.5,846.25,879.75,6364144
2023-02-17,722.2859497070312,907.25,934.5,900.75,908.25,6006872
2023-02-21,773.635986328125,971.75,973.75,930.0,943.0,5021060
2023-02-22,773.0390014648438,971.0,987.5,949.75,966.75,5649232
2023-02-23,753.334716796875,946.25,988.75,933.25,935.0,5422028
2023-02-24,791.9469604492188,994.75,1011.75,983.75,995.75,6220072
2023-02-27,774.830322265625,973.25,979.5,947.25,961.5,4452324
2023-02-28,778.8109130859375,978.25,983.75,952.5,980.5,4363412
2023-03-01,797.5197143554688,1001.75,1012.0,974.5,981.25,5418444
2023-03-02,778.8109130859375,978.25,1032.5,969.5,1029.5,5034180
2023-03-03,731.0431518554688,918.25,966.0,915.5,960.75,4408480
2023-03-06,728.4558715820312,915.0,917.0,878.75,906.75,4675792
2023-03-07,755.524169921875,949.0,955.0,906.5,915.25,6331552
2023-03-08,744.577392578125,935.25,963.5,929.5,945.5,5304512
2023-03-09,785.1798706054688,986.25,993.25,907.0,931.5,6516728
2023-03-10,817.6220092773438,1027.0,1038.5,968.75,984.25,10842384
2023-03-13,799.9083251953125,1004.75,1064.25,965.0,1047.5,10088412
2023-03-14,745.572509765625,936.5,977.0,930.5,968.25,7020860
2023-03-15,735.02392578125,923.25,975.75,919.0,961.75,8710532
2023-03-16,677.1056518554688,850.5,939.25,847.0,933.0,6957672
2023-03-17,686.4601440429688,862.25,879.5,831.0,851.25,6605268
2023-03-20,680.0911865234375,854.25,887.75,851.5,868.75,4655900
2023-03-21,651.6296997070312,818.5,851.0,814.0,838.0,4210552
2023-03-22,678.1466674804688,846.5,847.5,774.5,814.0,7187404
2023-03-23,654.7139282226562,817.25,840.0,780.5,815.75,7594720
2023-03-24,647.7041015625,808.5,839.75,807.75,821.25,5935720
2023-03-27,661.122802734375,825.25,832.25,794.75,803.25,4385224
2023-03-28,671.9379272460938,838.75,858.0,830.5,830.5,4401256
2023-03-29,636.0879516601562,794.0,815.5,788.5,808.5,4805216
2023-03-30,618.4632568359375,772.0,785.25,767.0,775.5,4613668
2023-03-31,588.0209350585938,734.0,772.75,732.25,770.75,5593012
2023-04-03,592.0263671875,739.0,758.25,737.5,748.75,4441924
2023-04-04,598.2351684570312,746.75,756.0,729.5,736.75,4498220
2023-04-05,617.6622314453125,771.0,783.75,754.25,755.5,4743816
2023-04-06,605.0445556640625,755.25,793.75,752.0,783.5,4624152
2023-04-10,606.6469116210938,757.25,790.0,756.75,777.25,3517568
2023-04-11,618.4632568359375,772.0,775.75,757.25,757.75,3527628
2023-04-12,634.6859741210938,792.25,796.5,753.5,758.0,5824552
2023-04-13,598.8359375,747.5,781.75,743.75,780.5,4942576
2023-04-14,602.24072265625,751.75,772.75,739.5,758.75,5664140
2023-04-17,601.4395751953125,750.75,769.75,747.75,755.25,3868196
2023-04-18,601.2392578125,750.5,759.25,732.5,735.5,3657644
2023-04-19,602.24072265625,751.75,769.0,744.25,768.25,4077172
2023-04-20,617.061279296875,770.25,779.5,749.0,774.25,5667280
2023-04-21,615.4591064453125,768.25,786.75,762.5,773.5,4649812
2023-04-24,619.4647216796875,773.25,789.5,760.25,770.25,4355652
2023-04-25,654.7139282226562,817.25,818.25,781.0,785.75,5243488
2023-04-26,643.8988037109375,803.75,807.25,778.75,790.5,5260796
2023-04-27,592.0263671875,739.0,779.75,734.5,774.5,5679260
2023-04-28,580.0096435546875,724.0,748.5,723.0,740.5,5532520
2023-05-01,581.8120727539062,726.25,733.75,717.0,727.0,3607908
2023-05-02,597.033447265625,745.25,757.5,725.0,727.25,5502348
2023-05-03,609.25048828125,760.5,761.25,724.5,743.5,6105412
2023-05-04,616.4605102539062,769.5,777.25,754.75,763.25,5574884
2023-05-05,577.6062622070312,721.0,756.25,715.0,753.5,4472920
2023-05-08,573.6006469726562,716.0,732.0,713.75,724.75,3052220
2023-05-09,584.8163452148438,730.0,732.25,721.75,727.75,2848116
2023-05-10,566.1904296875,706.75,730.5,700.5,713.5,5554704
2023-05-11,561.583984375,701.0,714.25,697.0,704.0,4395468
2023-05-12,567.59228515625,708.5,722.25,695.0,697.75,4059448
2023-05-15,558.780029296875,697.5,716.0,696.0,705.75,3469860
2023-05-16,556.9775390625,695.25,702.75,684.25,702.75,3988940
2023-05-17,536.9495849609375,670.25,696.5,666.5,689.0,4496976
2023-05-18,508.30950927734375,634.5,669.0,632.75,668.75,5854316
2023-05-19,511.9146728515625,639.0,644.75,629.0,633.25,4632768
2023-05-22,506.7073669433594,632.5,640.5,626.5,640.25,3196428
2023-05-23,526.1343994140625,656.75,659.0,636.25,642.5,4457556
2023-05-24,534.1455688476562,666.75,679.75,659.75,668.75,5237636
2023-05-25,496.6933288574219,620.0,638.25,612.0,623.0,5959152
2023-05-26,458.8404846191406,572.75,615.0,568.0,614.5,6572940
2023-05-30,452.43157958984375,564.75,572.0,545.5,551.25,5525312
2023-05-31,461.8447570800781,576.5,582.0,563.0,573.0,5157368
2023-06-01,445.0211486816406,555.5,582.25,548.75,576.75,4708000
2023-06-02,435.4078369140625,543.5,556.0,537.75,547.25,4745508
2023-06-05,434.6066589355469,542.5,547.25,530.5,544.25,4960560
2023-06-06,435.0072937011719,543.0,552.0,538.5,545.5,3736132
2023-06-07,457.43853759765625,571.0,574.0,532.75,542.0,5633896
2023-06-08,441.616455078125,551.25,571.5,548.0,570.25,4272080
2023-06-09,436.4092102050781,544.75,551.5,529.75,544.0,4737572
2023-06-12,414.3784484863281,517.25,541.5,516.5,537.0,4162816
2023-06-13,404.9652404785156,505.5,519.5,501.75,505.25,5653356
2023-06-14,396.1529846191406,494.5,517.5,493.5,505.5,6593188
2023-06-15,383.1347961425781,478.25,503.25,471.5,500.75,6684256
2023-06-16,390.3448486328125,487.25,489.0,468.25,468.75,5104900
2023-06-20,391.94708251953125,489.25,501.5,483.75,493.5,4453452
2023-06-21,407.9060363769531,502.25,506.5,486.0,487.75,5002348
2023-06-22,394.3023681640625,485.5,510.5,485.25,508.75,4757784
2023-06-23,406.4847106933594,500.5,507.5,491.0,502.0,5032568
2023-06-26,422.5249328613281,520.25,521.0,491.25,502.75,4387884
2023-06-27,401.61181640625,494.5,517.5,491.0,514.25,4737736
2023-06-28,398.9722900390625,491.25,502.25,483.5,501.75,5290088
2023-06-29,402.017822265625,495.0,502.0,490.5,493.25,4559068
2023-06-30,383.9473571777344,472.75,481.75,468.25,480.25,4832580
2023-07-03,381.5108947753906,469.75,474.75,467.25,470.5,1696276
2023-07-05,381.5108947753906,469.75,476.0,463.25,476.0,3506028
2023-07-06,390.64764404296875,481.0,492.5,479.5,484.75,4195368
2023-07-07,394.9115295410156,486.25,487.25,469.75,482.5,3901896
2023-07-10,394.5054016113281,485.75,498.0,483.25,487.75,3850956
2023-07-11,389.0234069824219,479.0,493.25,477.25,484.5,3546824
2023-07-12,374.40460205078125,461.0,471.0,455.75,463.0,5316744
2023-07-13,356.1310119628906,438.5,452.0,435.25,449.75,4635896
2023-07-14,356.33404541015625,438.75,442.0,425.75,437.0,4834096
2023-07-17,346.7911376953125,427.0,438.25,423.75,436.75,3431656
2023-07-18,338.2635498046875,416.5,435.75,411.75,429.25,4733296
2023-07-19,338.2635498046875,416.5,421.5,409.5,413.25,4794844
2023-07-20,362.4252014160156,446.25,450.0,422.5,427.5,5896832
2023-07-21,366.0799255371094,450.75,452.25,435.25,438.0,5313512
2023-07-24,364.2525939941406,448.5,455.75,443.75,447.5,3344628
2023-07-25,356.94317626953125,439.5,446.5,433.75,446.25,3348664
2023-07-26,360.5978698730469,444.0,452.5,438.25,443.75,4885540
2023-07-27,364.0495300292969,448.25,453.0,419.5,425.25,6634616
2023-07-28,344.35467529296875,424.0,435.5,420.25,433.75,6250140
2023-07-31,343.3395080566406,422.75,428.0,419.5,423.25,3447784
2023-08-01,346.3851318359375,426.5,433.75,424.0,428.25,4246888
2023-08-02,369.1255187988281,454.5,459.25,438.5,438.75,7029852
2023-08-03,371.96807861328125,458.0,465.0,449.75,464.5,5601388
2023-08-04,377.0440368652344,464.25,466.25,442.25,450.75,6433044
2023-08-07,367.7042541503906,452.75,466.75,452.5,458.0,4325984
2023-08-08,377.4501037597656,464.75,476.25,462.5,462.5,4794004
2023-08-09,389.8355407714844,480.0,483.25,463.25,463.75,5700880
2023-08-10,388.4142150878906,478.25,484.25,455.25,468.75,7100172
2023-08-11,396.1297302246094,487.75,493.75,481.0,489.0,5373132
2023-08-14,382.93218994140625,471.5,494.25,471.25,491.25,5337292
2023-08-15,395.114501953125,486.5,489.5,472.5,475.75,4671800
2023-08-16,408.1091003417969,502.5,503.0,483.0,489.25,5471764
2023-08-17,421.9157409667969,519.5,521.5,496.0,497.25,5853648
2023-08-18,423.9461364746094,522.0,537.0,516.25,534.5,6577236
2023-08-21,403.4391784667969,496.75,518.0,494.0,515.75,5363764
2023-08-22,405.6725769042969,499.5,502.25,486.25,486.75,4775908
2023-08-23,386.3838806152344,475.75,495.75,471.5,494.75,5294912
2023-08-24,412.3729248046875,507.75,508.0,462.5,463.0,6098644
2023-08-25,402.4239501953125,495.5,518.75,488.25,504.0,8560912
2023-08-28,393.490234375,484.5,495.0,480.75,483.75,4426144
2023-08-29,368.31329345703125,453.5,487.0,451.75,485.75,5470616
2023-08-30,362.01910400390625,445.75,456.75,443.75,452.75,4774432
2023-08-31,359.5826721191406,442.75,446.5,436.25,446.5,4150988
2023-09-01,360.8008728027344,444.25,449.75,432.75,434.25,4537972
2023-09-05,359.7857360839844,443.0,450.75,438.5,447.5,3550896
2023-09-06,369.1255187988281,454.5,462.0,444.75,445.75,4842496
2023-09-07,377.856201171875,465.25,476.0,462.5,472.0,4738668
2023-09-08,376.43487548828125,463.5,467.5,455.0,465.75,3959012
2023-09-11,363.2373962402344,447.25,459.75,445.5,452.25,3849316
2023-09-12,375.41973876953125,462.25,463.75,448.75,453.5,3827668
2023-09-13,371.5619812011719,457.5,466.25,451.25,462.0,4831100
2023-09-14,363.0343322753906,447.0,459.25,443.25,451.75,4881308
2023-09-15,382.1199645996094,470.5,473.5,450.5,452.0,4945300
2023-09-18,380.69879150390625,468.75,475.25,464.5,474.0,3554688
2023-09-19,383.5412902832031,472.25,484.0,469.25,474.25,4287928
2023-09-20,399.9439697265625,484.0,484.5,458.75,460.5,4712956
2023-09-21,423.08123779296875,512.0,512.5,496.75,500.0,5696684
2023-09-22,422.8746643066406,511.75,513.25,495.25,504.5,5355428
2023-09-25,416.8837585449219,504.5,520.75,504.25,516.25,4596396
2023-09-26,435.8893737792969,527.5,532.0,513.75,516.0,4773460
2023-09-27,432.79058837890625,523.75,540.75,515.5,523.0,6124236
2023-09-28,423.08123779296875,512.0,533.0,502.25,529.0,5660976
2023-09-29,422.2548828125,511.0,516.75,491.0,497.25,6512004
2023-10-02,412.13238525390625,498.75,513.0,492.5,510.25,5088156
2023-10-03,434.0301208496094,525.25,532.0,500.0,509.25,5473292
2023-10-04,416.6771240234375,504.25,523.75,500.0,521.5,5957664
2023-10-05,420.8088073730469,509.25,524.0,503.0,504.75,4812180
2023-10-06,399.9439697265625,484.0,526.25,479.0,522.5,7245880
2023-10-09,393.74652099609375,476.5,499.5,474.25,493.5,4558560
2023-10-10,387.54901123046875,469.0,477.5,458.25,475.5,4635412
2023-10-11,379.49224853515625,459.25,470.75,458.25,464.0,4737760
2023-10-12,384.037109375,464.75,473.5,451.0,457.75,5959600
2023-10-13,398.7044372558594,482.5,487.75,460.25,462.25,6339748
2023-10-16,385.07000732421875,466.0,478.0,462.0,477.0,4412612
2023-10-17,388.9950866699219,470.75,488.25,464.5,480.0,5526200
2023-10-18,405.1084899902344,490.25,495.0,472.25,481.0,5799804
2023-10-19,416.4705810546875,504.0,507.5,479.75,484.75,7961992
2023-10-20,435.47613525390625,527.0,528.0,504.25,506.75,6484864
2023-10-23,431.7577209472656,522.5,543.0,506.5,533.5,6426012
2023-10-24,419.5693054199219,507.75,522.5,504.25,514.75,5183556
2023-10-25,450.35009765625,545.0,547.75,517.5,518.25,5990064
2023-10-26,476.999267578125,577.25,583.5,547.25,551.5,7594776
2023-10-27,469.9754638671875,568.75,575.5,551.5,563.75,7367244
2023-10-30,455.1015625,550.75,564.0,543.75,557.0,5633796
2023-10-31,448.2843017578125,542.5,563.0,541.0,550.5,4687572
2023-11-01,424.9404602050781,514.25,539.5,512.0,539.0,6128848
2023-11-02,402.83612060546875,487.5,501.0,486.5,495.75,5158204
2023-11-03,388.7884521484375,470.5,483.5,465.25,482.75,5714536
2023-11-06,384.45025634765625,465.25,474.0,462.75,467.75,4081128
2023-11-07,373.91455078125,452.5,466.0,448.75,461.25,5111616
2023-11-08,373.0882263183594,451.5,460.0,448.5,451.0,4712664
2023-11-09,382.3844299316406,462.75,464.5,445.25,449.75,6771760
2023-11-10,356.97479248046875,432.0,458.5,431.0,456.25,6286256
2023-11-13,360.28009033203125,436.0,442.75,432.25,437.25,4228352
2023-11-14,337.5560302734375,408.5,415.5,404.75,413.75,6150408
2023-11-15,336.7297058105469,407.5,411.75,400.5,402.0,5873028
2023-11-16,336.10992431640625,406.75,414.75,406.25,410.5,5122412
2023-11-17,336.3165283203125,407.0,412.5,403.5,409.5,4428888
2023-11-20,324.3346862792969,392.5,407.25,390.0,407.25,4548816
2023-11-21,330.32562255859375,399.75,405.0,397.25,397.75,4377612
2023-11-22,326.607177734375,395.25,398.5,385.75,393.75,4568364
2023-11-24,328.4664001464844,397.5,400.25,395.0,396.75,1988336
2023-11-27,329.08612060546875,398.25,401.25,392.25,399.0,3652748
2023-11-28,326.8136901855469,395.5,402.25,393.75,401.0,4301564
2023-11-29,328.259765625,397.25,398.0,383.75,388.25,4604456
2023-11-30,330.94537353515625,400.5,409.75,395.25,396.75,5414796
2023-12-01,328.4664001464844,397.5,409.5,395.5,404.25,4946896
2023-12-04,337.76263427734375,408.75,420.0,407.75,409.25,5010672
2023-12-05,335.2835693359375,405.75,415.75,402.0,415.25,4548004
2023-12-06,341.27447509765625,413.0,414.25,396.25,396.75,4329592
2023-12-07,327.4334716796875,396.25,407.75,393.75,404.25,4478652
2023-12-08,323.5084228515625,391.5,402.5,390.0,401.75,5131384
2023-12-11,315.2451171875,381.5,393.5,380.5,392.75,3959120
2023-12-12,307.80810546875,372.5,385.0,372.25,381.5,3964464
2023-12-13,296.239501953125,358.5,372.25,356.75,370.25,5832948
2023-12-14,297.685546875,360.25,368.25,352.25,355.75,5253672
2023-12-15,294.3802795410156,356.25,359.75,351.75,358.25,4657500
2023-12-18,287.76959228515625,348.25,355.0,346.0,354.0,3882944
2023-12-19,283.8445129394531,343.5,348.0,343.0,347.5,3307452
2023-12-20,296.5634765625,351.5,351.75,333.25,338.75,5255116
2023-12-21,286.86077880859375,340.0,348.5,338.75,341.75,4735512
2023-12-22,285.38427734375,338.25,343.25,334.5,337.0,3522512
2023-12-26,280.32208251953125,332.25,336.75,330.75,336.5,2327420
2023-12-27,278.8455810546875,330.5,334.0,329.75,332.0,3599104
2023-12-28,279.90020751953125,331.75,332.75,327.75,328.25,2501872
2023-12-29,283.6968994140625,336.25,341.0,331.25,332.25,4782888
2024-01-02,298.2508239746094,353.5,359.5,344.75,345.25,5075128
2024-01-03,307.7425842285156,364.75,366.25,358.0,360.75,5269900
2024-01-04,313.0157470703125,371.0,371.75,362.0,371.0,4509448
2024-01-05,312.1719970703125,370.0,374.0,362.25,371.0,5839924
2024-01-08,292.9776916503906,347.25,367.25,346.5,366.75,4619584
2024-01-09,291.501220703125,345.5,356.0,343.0,355.25,4429984
2024-01-10,285.59521484375,338.5,347.25,336.0,344.75,3905648
2024-01-11,284.54058837890625,337.25,350.0,332.5,336.25,6202276
2024-01-12,284.11871337890625,336.75,340.5,332.75,334.75,4530920
2024-01-16,284.54058837890625,337.25,343.75,333.25,340.0,5353348
2024-01-17,289.3919372558594,343.0,353.75,342.0,345.75,5654356
2024-01-18,277.36907958984375,328.75,338.75,327.5,335.5,6503188
2024-01-19,261.1277160644531,309.5,325.25,309.25,324.0,6489116
2024-01-22,260.28399658203125,308.5,310.0,302.0,305.0,4553524
2024-01-23,257.1200866699219,304.75,311.25,304.5,307.25,3717964
2024-01-24,252.90151977539062,299.75,301.0,291.25,296.5,6939512
2024-01-25,252.47970581054688,299.25,304.5,293.5,295.0,5785252
2024-01-26,257.1200866699219,304.75,306.25,299.75,303.5,4522420
2024-01-29,249.5266876220703,295.75,305.5,295.25,304.0,3664364
2024-01-30,254.5889129638672,301.75,303.75,296.75,298.0,3813832
2024-01-31,269.5648193359375,319.5,320.0,307.0,311.5,7089064
2024-02-01,260.28399658203125,308.5,318.25,307.75,316.0,6455040
2024-02-02,247.20651245117188,293.0,307.0,290.75,305.0,7590612
2024-02-05,248.47210693359375,294.5,301.75,292.25,293.5,6225876
2024-02-06,250.15948486328125,296.5,301.5,291.25,292.5,4929656
2024-02-07,242.77699279785156,287.75,293.75,285.75,291.0,4975468
2024-02-08,241.51145935058594,286.25,289.25,284.75,287.75,3199788
2024-02-09,234.55087280273438,278.0,286.0,276.5,284.25,4144340
2024-02-12,237.5038604736328,281.5,283.0,274.25,278.5,4120708
2024-02-13,248.89389038085938,295.0,301.25,289.5,297.25,6691260
2024-02-14,240.66770935058594,285.25,294.25,284.5,289.25,4850200
2024-02-15,238.9803466796875,283.25,289.75,282.5,284.5,3951288
2024-02-16,245.7300262451172,291.25,292.75,282.5,282.75,5586220
2024-02-20,251.42506408691406,298.0,305.75,292.5,295.75,5896380
2024-02-21,254.5889129638672,301.75,310.0,301.5,304.0,5679520
2024-02-22,232.44161987304688,275.5,285.0,273.5,283.25,6436968
2024-02-23,234.55087280273438,278.0,280.0,271.0,272.75,4837344
2024-02-26,235.18365478515625,278.75,279.25,274.75,276.75,3702576
2024-02-27,233.49623107910156,276.75,282.0,276.25,277.0,4140568
2024-02-28,237.29293823242188,281.25,283.5,278.75,281.0,4012484
2024-02-29,231.80885314941406,274.75,282.5,272.5,276.25,5096740
2024-03-01,221.26248168945312,262.25,273.25,260.75,273.25,6761764
2024-03-04,224.00453186035156,265.5,266.0,261.75,262.5,4068872
2024-03-05,236.02737426757812,279.75,284.25,271.25,271.25,6359156
2024-03-06,231.59791564941406,274.5,278.5,268.5,272.0,7672280
2024-03-07,221.68429565429688,262.75,271.25,260.25,268.5,6590816
2024-03-08,231.17604064941406,274.0,275.5,257.0,262.25,9022692
2024-03-11,233.9180908203125,277.25,281.0,275.0,277.0,5447056
2024-03-12,223.79360961914062,265.25,279.25,264.75,273.0,6324836
2024-03-13,229.48861694335938,272.0,273.75,267.25,267.5,4726212
2024-03-14,231.17604064941406,274.0,279.5,268.75,269.75,7494612
2024-03-15,239.6131134033203,284.0,286.5,278.75,280.0,6267592
2024-03-18,233.0743865966797,276.25,276.75,269.25,273.75,5718436
2024-03-19,231.38697814941406,274.25,284.25,273.5,280.25,5878152
2024-03-20,223.3357391357422,260.75,271.25,260.0,268.25,6683928
2024-03-21,220.55209350585938,257.5,257.75,251.25,252.25,5581220
2024-03-22,220.1238250732422,257.0,260.0,254.75,258.5,4094560
2024-03-25,222.47921752929688,259.75,263.5,257.0,261.75,3383136
2024-03-26,224.40638732910156,262.0,262.75,255.5,257.25,3532452
2024-03-27,222.693359375,260.0,265.5,257.0,257.5,4122496
2024-03-28,224.40638732910156,262.0,262.5,259.0,260.25,3004408
2024-04-01,222.90748596191406,260.25,263.75,255.75,260.5,4319456
2024-04-02,228.68898010253906,267.0,272.5,266.5,269.25,4541312
2024-04-03,227.40419006347656,265.5,271.25,262.0,271.25,4511304
2024-04-04,238.110595703125,278.0,278.5,257.0,258.25,6195008
2024-04-05,229.9737091064453,268.5,277.25,263.25,275.5,7645468
2024-04-08,229.9737091064453,268.5,271.0,264.75,266.75,3626504
2024-04-09,227.1900634765625,265.25,274.25,263.5,264.25,5191524
2024-04-10,233.39976501464844,272.5,276.25,271.0,275.25,7154020
2024-04-11,222.693359375,260.0,273.75,258.25,269.5,6407184
2024-04-12,233.18563842773438,272.25,275.0,265.5,267.5,7043116
2024-04-15,244.96270751953125,286.0,287.75,265.25,265.5,8041672
2024-04-16,244.96270751953125,286.0,289.0,280.75,286.75,7289840
2024-04-17,253.9561004638672,296.5,298.75,282.25,282.25,6754464
2024-04-18,258.4527587890625,301.75,303.5,292.25,296.0,6906236
2024-04-19,274.940673828125,321.0,324.75,304.0,305.0,8796476
2024-04-22,267.0179138183594,311.75,323.25,306.25,315.25,6286748
2024-04-23,255.0267333984375,297.75,308.5,295.25,307.5,5566380
2024-04-24,252.8854217529297,295.25,300.0,288.25,291.75,5929000
2024-04-25,256.95391845703125,300.0,313.0,298.0,310.75,6699312
2024-04-26,244.7485809326172,285.75,294.75,282.75,293.25,5491560
2024-04-29,242.1790313720703,282.75,288.25,280.75,282.0,3907340
2024-04-30,255.88320922851562,298.75,299.0,283.25,286.25,5173264
2024-05-01,261.6647033691406,305.5,307.5,287.25,302.0,8435264
2024-05-02,252.24310302734375,294.5,308.0,292.25,297.75,5650068
2024-05-03,237.25408935546875,277.0,282.25,274.75,279.0,6184152
2024-05-06,229.11720275878906,267.5,275.0,267.5,273.5,3788384
2024-05-07,229.5454864501953,268.0,269.25,264.75,267.25,4122372
2024-05-08,229.9737091064453,268.5,273.0,265.75,272.75,4028448
2024-05-09,228.68898010253906,267.0,271.75,266.0,268.5,3888184
2024-05-10,227.1900634765625,265.25,268.25,261.25,264.5,3994584
2024-05-13,225.90528869628906,263.75,266.25,261.75,262.0,2760444
2024-05-14,221.40858459472656,258.5,265.0,257.75,264.5,5089216
2024-05-15,211.34457397460938,246.75,257.25,246.25,254.5,6223648
2024-05-16,212.84344482421875,248.5,249.0,244.25,247.5,4111464
2024-05-17,213.48585510253906,249.25,253.0,247.5,248.75,3520760
2024-05-20,208.98916625976562,244.0,249.25,243.0,249.0,3815760
2024-05-21,207.9185333251953,242.75,247.75,242.5,247.25,2383348
2024-05-22,208.34678649902344,243.25,247.25,241.25,242.5,3533856
2024-05-23,211.55868530273438,247.0,249.75,235.75,236.0,6326832
2024-05-24,205.56312561035156,240.0,245.75,238.0,244.5,4488848
2024-05-28,203.20770263671875,237.25,242.25,237.25,238.25,3868600
2024-05-29,207.49026489257812,242.25,244.25,239.75,244.25,4166120
2024-05-30,214.55650329589844,250.5,252.75,244.0,244.0,4520708
2024-05-31,214.55650329589844,250.5,265.25,249.25,250.5,6475404
2024-06-03,212.6293487548828,248.25,257.25,244.5,246.0,5362144
2024-06-04,211.13043212890625,246.5,252.0,244.5,249.0,5024584
2024-06-05,198.2827606201172,231.5,242.75,231.5,240.75,6097072
2024-06-06,198.92515563964844,232.25,234.0,230.25,231.0,3899340
2024-06-07,199.56753540039062,233.0,234.75,229.0,233.0,4813924
2024-06-10,197.42625427246094,230.5,235.5,229.75,235.0,3743656
2024-06-11,193.35780334472656,225.75,234.75,225.5,232.5,3991824
2024-06-12,185.86329650878906,217.0,221.25,213.5,220.25,7361124
2024-06-13,182.8655242919922,213.5,216.75,211.25,212.25,4718972
2024-06-14,180.51011657714844,210.75,215.0,210.5,214.25,4498792
2024-06-17,174.08628845214844,203.25,212.25,200.5,210.5,5655244
2024-06-18,173.87213134765625,203.0,205.25,202.25,203.25,3353420
2024-06-20,178.15469360351562,208.0,210.25,201.0,201.75,6679220
2024-06-21,179.8677215576172,210.0,211.75,206.75,208.5,5039988
2024-06-24,186.07742309570312,217.25,217.25,209.25,211.75,5401480
2024-06-25,179.6536102294922,209.75,215.75,209.25,214.5,4593312
2024-06-26,178.5621337890625,204.5,207.5,204.0,207.0,4388628
2024-06-27,177.47068786621094,203.25,206.25,201.25,205.0,4518920
2024-06-28,180.74505615234375,207.0,207.5,196.5,202.5,6229376
2024-07-01,177.25238037109375,203.0,210.5,202.25,205.75,5603052
2024-07-02,172.01341247558594,197.0,205.25,196.75,205.25,4583768
2024-07-03,167.86585998535156,192.25,198.0,192.0,198.0,3112272
2024-07-05,162.62689208984375,186.25,192.0,186.0,191.5,4724408
2024-07-08,161.53541564941406,185.0,187.25,184.5,186.0,3199376
2024-07-09,161.31712341308594,184.75,186.75,182.25,183.75,3865592
2024-07-10,156.5147247314453,179.25,184.25,178.5,183.0,4338136
2024-07-11,166.55612182617188,190.75,192.5,178.75,179.25,7329392
2024-07-12,163.9366455078125,187.75,191.25,182.25,190.75,5974888
2024-07-15,162.84518432617188,186.5,189.0,181.0,186.25,6205448
2024-07-16,162.84518432617188,186.5,190.0,184.0,185.0,5207884
2024-07-17,177.0341033935547,202.75,203.0,195.0,195.75,7021176
2024-07-18,179.6536102294922,205.75,210.0,198.0,198.5,8367456
2024-07-19,184.67428588867188,211.5,213.5,203.25,206.75,7530860
2024-07-22,176.5975341796875,202.25,208.5,201.0,204.0,7346144
2024-07-23,178.5621337890625,204.5,205.25,199.75,203.5,5137612
2024-07-24,197.77175903320312,226.5,228.0,213.0,213.5,8158012
2024-07-25,204.5387725830078,234.25,238.25,220.0,226.25,9951096
2024-07-26,198.64492797851562,227.5,232.5,223.0,228.0,7059576
2024-07-29,197.553466796875,226.25,229.75,220.25,223.5,6081312
2024-07-30,205.84852600097656,235.75,240.75,222.5,223.5,8119168
2024-07-31,187.5120849609375,214.75,222.25,212.25,220.0,9773996
2024-08-01,201.264404296875,230.5,235.75,208.75,214.0,11691856
2024-08-02,215.88990783691406,247.25,254.0,240.25,244.25,11471684
2024-08-05,235.53610229492188,269.75,289.75,258.25,287.5,15314836
2024-08-06,228.98736572265625,262.25,271.5,248.25,266.5,10877348
2024-08-07,236.40928649902344,270.75,271.5,245.5,249.75,10324380
2024-08-08,214.79847717285156,246.0,266.75,244.5,259.25,8952152
2024-08-09,211.7423858642578,242.5,250.75,240.0,248.75,6623968
2024-08-12,210.6509552001953,241.25,245.75,225.0,241.25,5128696
2024-08-13,195.15228271484375,223.5,234.5,223.0,234.25,6375460
2024-08-14,194.93397521972656,223.25,229.75,219.75,222.25,6356972
2024-08-15,180.30848693847656,206.5,215.25,206.0,214.75,6445940
2024-08-16,179.6536102294922,205.75,210.5,204.25,209.0,4833428
2024-08-19,173.10484313964844,198.25,208.5,198.0,206.0,5167436
2024-08-20,174.41461181640625,199.75,201.5,196.0,199.25,5628868
2024-08-21,171.57679748535156,196.5,200.75,194.25,198.5,5185076
2024-08-22,179.87188720703125,206.0,207.5,193.25,194.0,7801676
2024-08-23,174.1963348388672,199.5,206.0,196.0,201.0,7452056
2024-08-26,179.6536102294922,205.75,208.25,199.25,200.5,5300188
2024-08-27,177.90724182128906,203.75,210.5,202.5,208.0,4513636
2024-08-28,184.23770141601562,211.0,215.5,203.75,204.75,6256956
2024-08-29,184.892578125,211.75,213.75,202.25,208.75,7909652
2024-08-30,178.9987030029297,205.0,212.75,204.0,206.75,6081716
2024-09-03,195.3705291748047,223.75,226.75,208.75,209.0,6674312
2024-09-04,196.6802978515625,225.25,229.75,219.75,228.25,8113300
2024-09-05,196.46200561523438,225.0,229.5,218.5,228.0,7247848
2024-09-06,212.178955078125,243.0,244.25,225.0,226.5,9432920
2024-09-09,204.32049560546875,234.0,241.75,232.5,236.25,6760180
2024-09-10,199.08151245117188,228.0,237.75,227.0,231.5,6410852
2024-09-11,186.20233154296875,213.25,239.0,212.0,226.0,10655912
2024-09-12,180.74505615234375,207.0,215.75,205.75,213.25,7212616
2024-09-13,178.34385681152344,204.25,208.5,202.75,208.0,5131296
2024-09-16,181.18162536621094,207.5,211.75,206.5,207.25,4696512
2024-09-17,180.74505615234375,207.0,210.5,201.75,203.25,5454516
2024-09-18,183.3645477294922,210.0,210.75,200.25,205.75,8029252
2024-09-19,169.39390563964844,194.0,198.0,190.25,195.25,8902316
2024-09-20,170.9219512939453,195.75,200.5,194.0,195.5,5948552
2024-09-23,169.61219787597656,194.25,195.75,192.75,194.25,4117700
2024-09-24,166.99270629882812,191.25,197.5,190.0,192.5,5435220
2024-09-25,166.30258178710938,186.75,188.75,185.0,188.5,4966140
2024-09-26,162.96316528320312,183.0,187.25,178.0,178.5,6425780
2024-09-27,165.85731506347656,186.25,187.75,182.0,182.25,5348304
2024-09-30,164.5215301513672,184.75,191.0,184.5,187.5,6270580
2024-10-01,171.86825561523438,193.0,197.25,185.0,185.5,8646944
2024-10-02,170.7550811767578,191.75,197.0,189.5,194.0,6120124
2024-10-03,171.64564514160156,192.75,195.75,189.0,194.75,6043440
2024-10-04,165.4120635986328,185.75,192.0,185.25,186.0,7359188
2024-10-07,170.97772216796875,192.0,193.5,186.75,188.25,4889672
2024-10-08,163.4084014892578,183.5,190.0,182.5,189.25,5556376
2024-10-09,159.62374877929688,179.25,185.0,178.5,183.75,5377868
2024-10-10,160.2916259765625,180.0,183.25,177.75,181.75,5315084
2024-10-11,159.62374877929688,179.25,183.0,178.25,182.25,4075100
2024-10-14,155.616455078125,174.75,177.25,173.25,177.0,4557220
2024-10-15,162.0726776123047,182.0,184.25,174.0,174.75,7321924
2024-10-16,161.8500213623047,181.75,185.75,181.0,181.75,4384900
2024-10-17,161.62738037109375,181.5,181.75,175.75,176.0,5221472
2024-10-18,158.7332305908203,178.25,179.75,177.25,179.0,4231272
2024-10-21,158.06533813476562,177.5,182.0,176.5,179.75,5346832
2024-10-22,157.39747619628906,176.75,181.25,175.25,180.5,4969380
2024-10-23,164.966796875,185.25,188.75,178.75,179.5,7554816
2024-10-24,161.18214416503906,181.0,184.0,180.0,181.0,5352760
2024-10-25,158.28797912597656,177.75,178.75,172.25,178.0,9008968
2024-10-28,158.28797912597656,177.75,178.0,174.25,174.5,5482468
2024-10-29,154.05804443359375,173.0,179.5,171.25,177.5,6662068
2024-10-30,157.17483520507812,176.5,177.25,172.5,173.5,6501968
2024-10-31,169.19671630859375,190.0,190.25,181.0,181.25,8501396
2024-11-01,165.63465881347656,186.0,189.0,182.25,188.5,8646200
2024-11-04,167.41571044921875,188.0,190.0,184.0,187.0,6692164
2024-11-05,160.9595184326172,180.75,186.25,180.0,186.25,6430704
2024-11-06,148.047119140625,166.25,173.0,165.25,171.75,8845932
2024-11-07,141.10116577148438,158.4499969482422,163.5,157.60000610351562,163.4499969482422,8425860
2024-11-08,140.83401489257812,158.14999389648438,159.75,157.4499969482422,159.1999969482422,7559100
2024-11-11,141.10116577148438,158.4499969482422,161.14999389648438,156.85000610351562,157.0500030517578,8666060
2024-11-12,141.85809326171875,159.3000030517578,162.25,157.75,158.60000610351562,7396920
2024-11-13,142.5259552001953,160.0500030517578,162.1999969482422,157.5,159.89999389648438,9273940
2024-11-14,145.50917053222656,163.39999389648438,164.35000610351562,159.60000610351562,160.5,8360580
2024-11-15,156.23980712890625,175.4499969482422,177.39999389648438,168.89999389648438,169.10000610351562,10371340
2024-11-18,152.9894561767578,171.8000030517578,175.3000030517578,169.5500030517578,173.8000030517578,6648440
2024-11-19,150.00624084472656,168.4499969482422,174.9499969482422,167.8000030517578,174.60000610351562,8651960
2024-11-20,150.13983154296875,168.60000610351562,175.35000610351562,168.4499969482422,168.75,10737820
2024-11-21,148.67047119140625,166.9499969482422,174.4499969482422,165.0,165.6999969482422,12374960
2024-11-22,148.1807098388672,166.39999389648438,169.39999389648438,165.6999969482422,167.75,6527800
2024-11-25,147.6018829345703,165.75,168.0,160.85000610351562,162.35000610351562,6506840
2024-11-26,145.24203491210938,163.10000610351562,165.14999389648438,162.3000030517578,164.3000030517578,4983380
2024-11-27,148.75953674316406,167.0500030517578,170.35000610351562,164.3000030517578,164.3000030517578,5682100
2024-11-29,145.0639190673828,162.89999389648438,167.35000610351562,162.3000030517578,166.6999969482422,3421780
2024-12-02,140.38873291015625,157.64999389648438,162.14999389648438,156.75,161.8000030517578,6202120
2024-12-03,139.1420440673828,156.25,159.5,156.0500030517578,158.9499969482422,4946540
2024-12-04,134.06614685058594,150.5500030517578,153.89999389648438,150.39999389648438,153.25,7749340
2024-12-05,135.268310546875,151.89999389648438,152.1999969482422,149.9499969482422,150.60000610351562,6549420
2024-12-06,131.7508087158203,147.9499969482422,151.64999389648438,147.8000030517578,151.5,7673900
2024-12-09,134.95664978027344,151.5500030517578,152.5,148.1999969482422,148.85000610351562,6830660
2024-12-10,136.4259796142578,153.1999969482422,154.39999389648438,149.0,150.5500030517578,6085380
2024-12-11,129.07928466796875,144.9499969482422,149.6999969482422,144.39999389648438,149.39999389648438,9712160
2024-12-12,131.66177368164062,147.85000610351562,148.25,145.85000610351562,146.89999389648438,7339740
2024-12-13,128.8121337890625,144.64999389648438,147.39999389648438,142.4499969482422,144.75,8046100
2024-12-16,123.33551025390625,138.5,142.6999969482422,137.6999969482422,142.64999389648438,8711540
2024-12-17,124.98294067382812,140.35000610351562,141.64999389648438,139.0500030517578,139.89999389648438,7085380
2024-12-18,138.4741668701172,155.5,156.8000030517578,139.5500030517578,140.9499969482422,16992140
2024-12-19,140.47779846191406,157.75,158.0500030517578,150.89999389648438,151.39999389648438,14122260
2024-12-20,136.915771484375,153.75,162.5,148.1999969482422,161.4499969482422,16181980
2024-12-23,133.01409912109375,145.39999389648438,151.3000030517578,145.10000610351562,148.35000610351562,7316360
2024-12-24,127.75389862060547,139.64999389648438,144.5,139.64999389648438,144.0,4584520
2024-12-26,128.1198272705078,140.0500030517578,142.60000610351562,138.6999969482422,141.0,5621180
2024-12-27,133.33425903320312,145.75,149.5500030517578,142.6999969482422,143.0500030517578,10221440
2024-12-30,138.77740478515625,151.6999969482422,154.85000610351562,148.5,151.75,9885860
2024-12-31,142.4366912841797,155.6999969482422,156.5,150.0,150.6999969482422,9700940
2025-01-02,143.3514862060547,156.6999969482422,160.8000030517578,150.75,152.89999389648438,12196260
2025-01-03,136.49037170410156,149.1999969482422,154.75,148.1999969482422,154.0,9790320
2025-01-06,131.7790985107422,144.0500030517578,146.25,141.14999389648438,144.5,9559100
2025-01-07,138.9146270751953,151.85000610351562,153.4499969482422,143.0,143.3000030517578,12434400
2025-01-08,138.8231658935547,151.75,156.0500030517578,150.39999389648438,152.0,12668320
2025-01-10,145.5927734375,159.14999389648438,162.10000610351562,155.35000610351562,155.39999389648438,14137620
2025-01-13,147.05650329589844,160.75,166.39999389648438,160.39999389648438,164.89999389648438,9685600
2025-01-14,147.55963134765625,161.3000030517578,164.64999389648438,156.5500030517578,157.8000030517578,10532540
2025-01-15,137.58816528320312,150.39999389648438,155.3000030517578,149.1999969482422,153.8000030517578,13107900
2025-01-16,140.37832641601562,153.4499969482422,153.5500030517578,148.3000030517578,148.35000610351562,9035220
2025-01-17,133.51724243164062,145.9499969482422,148.5500030517578,144.4499969482422,144.9499969482422,11154500
2025-01-21,131.27593994140625,143.5,147.5,142.5,143.8000030517578,8584980
2025-01-22,126.29020690917969,138.0500030517578,139.9499969482422,136.14999389648438,139.75,9526980
2025-01-23,125.5125961303711,137.1999969482422,140.5,137.14999389648438,140.0500030517578,6938440
2025-01-24,127.75389862060547,139.64999389648438,140.89999389648438,136.5,137.14999389648438,6684980
2025-01-27,139.0518341064453,152.0,155.1999969482422,148.9499969482422,154.60000610351562,16994760
2025-01-28,132.83111572265625,145.1999969482422,154.1999969482422,144.1999969482422,151.10000610351562,10805520
2025-01-29,133.7001953125,146.14999389648438,149.39999389648438,144.64999389648438,144.75,11526220
2025-01-30,131.96206665039062,144.25,148.39999389648438,141.8000030517578,143.75,9590200
2025-01-31,132.78536987304688,145.14999389648438,146.0500030517578,137.5500030517578,141.3000030517578,14643120
2025-02-03,135.94149780273438,148.60000610351562,154.60000610351562,146.39999389648438,152.5,17833660
2025-02-04,131.0472412109375,143.25,148.6999969482422,142.75,148.35000610351562,9443660
2025-02-05,129.40057373046875,141.4499969482422,146.5,141.3000030517578,145.5,7320820
2025-02-06,127.34223937988281,139.1999969482422,142.35000610351562,139.0500030517578,141.0500030517578,7532540
2025-02-07,132.32797241210938,144.64999389648438,145.3000030517578,137.4499969482422,139.0,12007940
2025-02-10,127.66240692138672,139.5500030517578,141.5500030517578,138.60000610351562,141.14999389648438,8818200
2025-02-11,128.531494140625,140.5,142.25,139.0,142.14999389648438,8298760
2025-02-12,128.34852600097656,140.3000030517578,145.4499969482422,139.64999389648438,145.14999389648438,12786500
2025-02-13,122.90538024902344,134.35000610351562,139.6999969482422,134.14999389648438,139.10000610351562,12631720
2025-02-14,121.62462615966797,132.9499969482422,134.8000030517578,132.39999389648438,134.4499969482422,8149820
2025-02-18,120.80130004882812,132.0500030517578,134.5500030517578,131.5500030517578,131.8000030517578,6892020
2025-02-19,120.75555419921875,132.0,134.25,131.0500030517578,132.6999969482422,7446780
2025-02-20,122.40223693847656,133.8000030517578,137.25,132.39999389648438,132.75,10758900
2025-02-21,130.08665466308594,142.1999969482422,142.5500030517578,133.10000610351562,133.14999389648438,14456060
2025-02-24,134.7979736328125,147.35000610351562,147.64999389648438,139.89999389648438,140.85000610351562,14006360
2025-02-25,139.92091369628906,152.9499969482422,156.35000610351562,147.9499969482422,148.0,14833580
2025-02-26,139.00611877441406,151.9499969482422,154.8000030517578,147.35000610351562,151.10000610351562,17710080
2025-02-27,150.57850646972656,164.60000610351562,164.89999389648438,148.0,148.89999389648438,20492780
2025-02-28,143.62594604492188,157.0,168.3000030517578,156.5,165.14999389648438,19880060
2025-03-03,152.9113006591797,167.14999389648438,170.6999969482422,152.64999389648438,154.10000610351562,22767900
2025-03-04,154.6494598388672,169.0500030517578,176.9499969482422,160.8000030517578,170.4499969482422,24871640
2025-03-05,148.70315551757812,162.5500030517578,173.5500030517578,160.85000610351562,168.5500030517578,19655320
2025-03-06,160.87020874023438,175.85000610351562,177.9499969482422,165.89999389648438,170.64999389648438,19368860
2025-03-07,157.66836547851562,172.35000610351562,184.5,170.8000030517578,177.39999389648438,20646440
2025-03-10,175.50723266601562,191.85000610351562,196.8000030517578,180.64999389648438,181.1999969482422,17911020
2025-03-11,177.47409057617188,194.0,199.60000610351562,185.25,193.1999969482422,21106840
2025-03-12,171.4820556640625,187.4499969482422,193.85000610351562,182.4499969482422,184.8000030517578,20691540
2025-03-13,180.85887145996094,197.6999969482422,200.0,188.35000610351562,188.4499969482422,16604760
2025-03-14,168.0057373046875,183.64999389648438,191.89999389648438,182.5500030517578,191.14999389648438,18403500
2025-03-17,164.75816345214844,180.10000610351562,185.8000030517578,176.60000610351562,183.6999969482422,15124840
2025-03-18,173.08297729492188,189.1999969482422,191.8000030517578,183.89999389648438,183.89999389648438,13736700
2025-03-19,166.49632263183594,182.0,189.14999389648438,176.5500030517578,186.8000030517578,16553380
2025-03-20,168.09722900390625,183.75,187.35000610351562,177.85000610351562,186.60000610351562,14904100
2025-03-21,166.49632263183594,182.0,191.39999389648438,181.39999389648438,190.0500030517578,13698320
2025-03-24,156.11314392089844,170.64999389648438,174.5,169.4499969482422,173.75,13410540
2025-03-25,153.32298278808594,167.60000610351562,170.6999969482422,167.39999389648438,169.75,9796880
2025-03-26,161.77853393554688,174.3000030517578,175.89999389648438,165.5,166.35000610351562,16307280
2025-03-27,164.60943603515625,177.35000610351562,178.89999389648438,172.0,176.5,15522100
2025-03-28,177.74290466308594,191.5,192.64999389648438,178.85000610351562,179.64999389648438,17357760
2025-03-31,177.92852783203125,191.6999969482422,206.0,190.60000610351562,200.3000030517578,20047460
2025-04-01,173.75181579589844,187.1999969482422,197.39999389648438,186.10000610351562,193.85000610351562,21250840
2025-04-02,169.85353088378906,183.0,195.4499969482422,179.14999389648438,195.10000610351562,25597740
2025-04-03,197.37351989746094,212.64999389648438,213.1999969482422,201.8000030517578,206.0,26980160
2025-04-04,233.71102905273438,251.8000030517578,251.9499969482422,227.5,230.8000030517578,45621840
2025-04-07,232.82928466796875,250.85000610351562,289.0,216.10000610351562,278.29998779296875,45279700
2025-04-08,245.82354736328125,264.8500061035156,275.79998779296875,216.8000030517578,225.5,42987740
2025-04-09,159.08685302734375,171.39999389648438,266.1499938964844,165.85000610351562,265.79998779296875,54654860
2025-04-10,177.32522583007812,191.0500030517578,205.89999389648438,180.8000030517578,183.0,47232500
2025-04-11,168.09002685546875,181.10000610351562,197.60000610351562,179.10000610351562,193.25,29853540
2025-04-14,164.51661682128906,177.25,183.0,168.3000030517578,168.89999389648438,22798880
2025-04-15,164.006103515625,176.6999969482422,178.85000610351562,171.60000610351562,176.10000610351562,17659220
2025-04-16,178.856689453125,192.6999969482422,200.1999969482422,183.0,187.1999969482422,21602400
2025-04-17,179.32078552246094,193.1999969482422,196.8000030517578,188.5,189.39999389648438,20267260
2025-04-21,192.5470733642578,207.4499969482422,214.39999389648438,199.85000610351562,201.0500030517578,14677340
2025-04-22,177.6500701904297,191.39999389648438,201.3000030517578,187.0,199.5,21852880
2025-04-23,165.9552459716797,178.8000030517578,180.64999389648438,167.14999389648438,173.85000610351562,27405040
2025-04-24,151.84719848632812,163.60000610351562,177.0,163.14999389648438,176.25,24455900
2025-04-25,146.88153076171875,158.25,165.8000030517578,157.6999969482422,164.10000610351562,21898940
2025-04-28,147.06716918945312,158.4499969482422,164.89999389648438,156.0500030517578,157.9499969482422,20488100
2025-04-29,144.23626708984375,155.39999389648438,161.39999389648438,154.5,160.8000030517578,18400320
2025-04-30,144.14344787597656,155.3000030517578,168.3000030517578,153.85000610351562,163.6999969482422,27368860
2025-05-01,139.2706298828125,150.0500030517578,150.4499969482422,144.14999389648438,147.9499969482422,27094140
2025-05-02,132.77346801757812,143.0500030517578,146.8000030517578,141.14999389648438,145.1999969482422,21943440
2025-05-05,135.2331085205078,145.6999969482422,147.25,142.9499969482422,146.75,15240580
2025-05-06,138.89935302734375,149.64999389648438,152.6999969482422,146.5,151.5,19211460
2025-05-07,137.36788940429688,148.0,154.14999389648438,145.75,149.1999969482422,23742840
2025-05-08,133.28396606445312,143.60000610351562,147.35000610351562,139.5500030517578,143.35000610351562,22583860
2025-05-09,133.6552276611328,144.0,145.64999389648438,140.89999389648438,142.10000610351562,15255340
2025-05-12,117.5052261352539,126.5999984741211,132.14999389648438,126.5,127.25,27343220
2025-05-13,112.12189483642578,120.80000305175781,126.1500015258789,119.44999694824219,125.5999984741211,23985740
2025-05-14,110.1727523803711,118.69999694824219,120.69999694824219,118.30000305175781,120.0,19373120
2025-05-15,109.75508880615234,118.25,121.1500015258789,116.5,120.19999694824219,22766680
2025-05-16,108.50206756591797,116.9000015258789,120.0,116.8499984741211,117.5,16879200
2025-05-19,108.31642150878906,116.69999694824219,121.94999694824219,116.30000305175781,121.8499984741211,24765780
2025-05-20,109.47663116455078,117.94999694824219,120.3499984741211,117.44999694824219,118.44999694824219,16974640
2025-05-21,113.97821807861328,122.80000305175781,124.0999984741211,116.0999984741211,120.6500015258789,30509600
2025-05-22,113.42131805419922,122.19999694824219,123.44999694824219,119.55000305175781,122.5,28093940
2025-05-23,116.76271057128906,125.80000305175781,128.4499969482422,124.0,128.0500030517578,33243940
2025-05-27,108.59487915039062,117.0,121.94999694824219,116.6500015258789,120.75,22006040
2025-05-28,110.0799331665039,118.5999984741211,118.94999694824219,115.4000015258789,116.3499984741211,16484940
2025-05-29,109.43022918701172,117.9000015258789,119.75,113.44999694824219,113.55000305175781,22330460
2025-05-30,110.12635040283203,118.6500015258789,123.5999984741211,117.5999984741211,118.44999694824219,25959760
2025-06-02,107.57391357421875,115.9000015258789,120.9000015258789,115.75,120.0,18383780
2025-06-03,105.06786346435547,113.19999694824219,116.3499984741211,112.30000305175781,115.75,16610880
2025-06-04,104.32533264160156,112.4000015258789,114.19999694824219,111.69999694824219,112.9000015258789,14752500
2025-06-05,106.692138671875,114.94999694824219,116.30000305175781,109.69999694824219,111.5,28965460
2025-06-06,103.72203063964844,111.75,112.9000015258789,110.5,111.69999694824219,18940740
2025-06-09,103.35076904296875,111.3499984741211,112.3499984741211,110.25,111.6500015258789,14402980
2025-06-10,101.21600341796875,109.05000305175781,112.5,108.69999694824219,111.0999984741211,15235820
2025-06-11,102.37620544433594,110.30000305175781,111.69999694824219,107.5999984741211,108.3499984741211,21144160
2025-06-12,101.72648620605469,109.5999984741211,111.3499984741211,108.94999694824219,111.19999694824219,17800180
2025-06-13,105.62476348876953,113.80000305175781,114.5999984741211,110.8499984741211,113.44999694824219,30116300
2025-06-16,101.26240539550781,109.0999984741211,111.6500015258789,108.44999694824219,111.5999984741211,18301660
2025-06-17,104.27892303466797,112.3499984741211,113.0999984741211,109.75,110.75,17891240
2025-06-18,104.41815185546875,112.5,113.55000305175781,110.30000305175781,111.9000015258789,19887920
2025-06-20,105.94961547851562,114.1500015258789,115.30000305175781,109.80000305175781,110.5999984741211,19692980
2025-06-23,102.65464782714844,110.5999984741211,115.80000305175781,110.30000305175781,113.80000305175781,25653380
2025-06-24,97.96743774414062,105.55000305175781,107.80000305175781,105.0,107.4000015258789,16451180
2025-06-25,97.2486343383789,103.5,104.5999984741211,102.30000305175781,103.0,13692440
2025-06-26,94.61775207519531,100.69999694824219,103.4000015258789,100.44999694824219,102.30000305175781,13589540
2025-06-27,93.67815399169922,99.69999694824219,101.75,98.75,100.30000305175781,18066800
2025-06-30,91.93989562988281,97.8499984741211,99.30000305175781,97.25,98.0999984741211,11948680
2025-07-01,94.28889465332031,100.3499984741211,101.6500015258789,98.4000015258789,98.94999694824219,17809940
2025-07-02,92.36270904541016,98.30000305175781,100.94999694824219,98.25,100.8499984741211,15493180
2025-07-03,89.87277221679688,95.6500015258789,97.25,95.0999984741211,97.25,12419720
2025-07-07,91.89291381835938,97.80000305175781,99.05000305175781,96.6500015258789,97.05000305175781,17744180
2025-07-08,91.7519760131836,97.6500015258789,98.3499984741211,96.80000305175781,97.1500015258789,14744720
2025-07-09,89.87277221679688,95.6500015258789,97.3499984741211,94.94999694824219,96.6500015258789,16401480
2025-07-10,90.24861907958984,96.05000305175781,97.5,95.1500015258789,95.4000015258789,12744380
2025-07-11,91.00029754638672,96.8499984741211,98.0,96.05000305175781,97.4000015258789,15072060
2025-07-14,90.10767364501953,95.9000015258789,98.30000305175781,95.5,97.05000305175781,13871540
2025-07-15,89.87277221679688,95.6500015258789,95.69999694824219,93.55000305175781,93.9000015258789,17153880
2025-07-16,89.59088897705078,95.3499984741211,98.3499984741211,95.0999984741211,95.44999694824219,22175600
2025-07-17,87.4767837524414,93.0999984741211,95.5,92.9000015258789,95.0999984741211,16407060
2025-07-18,87.85263061523438,93.5,94.1500015258789,92.5,92.5999984741211,16246760
2025-07-21,86.53719329833984,92.0999984741211,93.1500015258789,91.19999694824219,93.1500015258789,15911720
2025-07-22,87.89961242675781,93.55000305175781,94.9000015258789,92.0999984741211,92.1500015258789,18302120
2025-07-23,86.7720947265625,92.3499984741211,94.5,92.3499984741211,93.0999984741211,17298860
2025-07-24,86.20832061767578,91.75,92.69999694824219,91.19999694824219,91.80000305175781,15184840
2025-07-25,85.738525390625,91.25,92.30000305175781,90.6500015258789,92.0,13551100
2025-07-28,84.93987274169922,90.4000015258789,91.0999984741211,90.0,90.6500015258789,12938160
2025-07-29,85.3626937866211,90.8499984741211,91.30000305175781,88.5999984741211,89.25,18188820
2025-07-30,85.03382873535156,90.5,92.05000305175781,89.3499984741211,90.5,20937520
2025-07-31,86.53719329833984,92.0999984741211,92.5999984741211,87.44999694824219,87.5,25819980
2025-08-01,91.70499420166016,97.5999984741211,98.8499984741211,95.0999984741211,95.19999694824219,36714800
2025-08-04,86.67813873291016,92.25,95.05000305175781,92.1500015258789,94.94999694824219,23359080
2025-08-05,88.5103530883789,94.19999694824219,94.5,91.0999984741211,91.69999694824219,22758980
2025-08-06,85.17476654052734,90.6500015258789,94.0999984741211,90.44999694824219,93.80000305175781,23645200
2025-08-07,84.32913970947266,89.75,91.80000305175781,87.8499984741211,88.69999694824219,24443500
2025-08-08,82.1210708618164,87.4000015258789,89.5,87.30000305175781,89.4000015258789,20717020
2025-08-11,82.96671295166016,88.30000305175781,88.8499984741211,86.44999694824219,87.4000015258789,16418600
2025-08-12,79.77206420898438,84.9000015258789,88.44999694824219,84.80000305175781,87.19999694824219,22596520
2025-08-13,79.67810821533203,84.80000305175781,85.44999694824219,83.55000305175781,83.80000305175781,18463340
2025-08-14,79.91301727294922,85.05000305175781,85.94999694824219,84.19999694824219,85.75,23794240
2025-08-15,81.13449096679688,86.3499984741211,87.0999984741211,85.25,85.25,21603460
2025-08-18,81.22843933105469,86.44999694824219,87.30000305175781,86.1500015258789,86.80000305175781,15083120
2025-08-19,84.56402587890625,90.0,90.5,86.69999694824219,86.80000305175781,23100220
2025-08-20,86.1143798828125,91.6500015258789,95.0,90.44999694824219,90.55000305175781,31209940
2025-08-21,87.33585357666016,92.94999694824219,94.0999984741211,91.4000015258789,92.5,21477000
2025-08-22,83.38953399658203,88.75,93.0999984741211,87.80000305175781,92.4000015258789,27113640
2025-08-25,84.18818664550781,89.5999984741211,90.1500015258789,88.19999694824219,89.55000305175781,13476780
2025-08-26,83.15463256835938,88.5,90.4000015258789,88.4000015258789,89.9000015258789,12747240
2025-08-27,82.82577514648438,88.1500015258789,89.6500015258789,87.80000305175781,89.05000305175781,13012560
2025-08-28,81.3224105834961,86.55000305175781,88.75,86.1500015258789,87.94999694824219,16521680
2025-08-29,84.32913970947266,89.75,90.5999984741211,87.69999694824219,87.8499984741211,19268640
2025-09-02,86.44322967529297,92.0,94.94999694824219,91.9000015258789,94.05000305175781,23109080
2025-09-03,84.51705169677734,89.94999694824219,91.55000305175781,89.0999984741211,90.3499984741211,20334840
2025-09-04,82.16805267333984,87.44999694824219,90.44999694824219,87.3499984741211,89.6500015258789,16979720
2025-09-05,81.9801254272461,87.25,89.3499984741211,84.94999694824219,85.25,25967920
2025-09-08,80.80562591552734,86.0,86.55000305175781,85.0999984741211,86.25,15905560
2025-09-09,80.14791107177734,85.30000305175781,86.9000015258789,85.1500015258789,85.75,15150780
2025-09-10,80.1009292602539,85.25,86.25,83.9000015258789,83.94999694824219,19231860
2025-09-11,78.73851776123047,83.80000305175781,84.94999694824219,83.5,84.19999694824219,18179020
2025-09-12,77.79891204833984,82.80000305175781,83.94999694824219,82.30000305175781,83.5999984741211,15036720
2025-09-15,75.82575225830078,80.69999694824219,82.1500015258789,80.69999694824219,82.1500015258789,17396780
2025-09-16,76.0606460571289,80.94999694824219,81.30000305175781,80.30000305175781,80.4000015258789,13062160
2025-09-17,76.57742309570312,81.5,83.80000305175781,80.80000305175781,81.05000305175781,31903840
2025-09-18,74.51031494140625,79.30000305175781,80.3499984741211,78.1500015258789,79.5,25518220
2025-09-19,73.05392456054688,77.75,79.19999694824219,77.5,78.6500015258789,20087740
2025-09-22,71.83244323730469,76.44999694824219,78.19999694824219,76.19999694824219,78.19999694824219,17420300
2025-09-23,73.28883361816406,78.0,78.5,76.3499984741211,76.44999694824219,20372040
2025-09-24,74.11444091796875,77.6500015258789,78.75,76.19999694824219,76.3499984741211,20499600
2025-09-25,75.11663055419922,78.69999694824219,80.6500015258789,78.05000305175781,79.19999694824219,32496180
2025-09-26,74.20988464355469,77.75,79.80000305175781,77.69999694824219,78.5,20720120
2025-09-29,73.20768737792969,76.69999694824219,77.30000305175781,75.5,76.5999984741211,20127720
2025-09-30,72.6827392578125,76.1500015258789,77.80000305175781,76.05000305175781,76.94999694824219,21445240
2025-10-01,71.63282775878906,75.05000305175781,77.75,74.9000015258789,77.4000015258789,22497580
2025-10-02,70.82151794433594,74.19999694824219,75.25,73.69999694824219,73.75,20235900
2025-10-03,71.8237075805664,75.25,75.94999694824219,73.69999694824219,74.0,24836420
2025-10-06,70.20111846923828,73.55000305175781,74.25,72.94999694824219,73.3499984741211,20712160
2025-10-07,71.34648132324219,74.75,75.30000305175781,72.9000015258789,73.1500015258789,22724580
2025-10-08,68.91258239746094,72.19999694824219,74.55000305175781,72.0999984741211,74.44999694824219,21926420
2025-10-09,69.19892120361328,72.5,73.6500015258789,72.19999694824219,72.25,22504300
2025-10-10,76.5006103515625,80.1500015258789,80.3499984741211,71.75,72.4000015258789,58967620
2025-10-13,71.6805419921875,75.0999984741211,77.05000305175781,74.69999694824219,76.0,31876580
2025-10-14,73.06452178955078,76.55000305175781,79.55000305175781,74.8499984741211,77.5999984741211,38124800
2025-10-15,71.63282775878906,75.05000305175781,77.44999694824219,73.30000305175781,74.3499984741211,31972740
2025-10-16,72.39639282226562,75.8499984741211,77.55000305175781,72.75,74.0,36159020
2025-10-17,71.06013488769531,74.44999694824219,77.3499984741211,73.8499984741211,76.75,40094360
2025-10-20,68.38763427734375,71.6500015258789,73.3499984741211,71.25,73.3499984741211,20891760
2025-10-21,68.48307800292969,71.75,72.5,71.30000305175781,71.69999694824219,17699380
2025-10-22,70.58290100097656,73.94999694824219,75.9000015258789,71.80000305175781,72.0,34936080
2025-10-23,68.72169494628906,72.0,74.25,71.75,74.0999984741211,23555280
2025-10-24,66.62187194824219,69.80000305175781,70.55000305175781,69.3499984741211,70.25,27381080
2025-10-27,63.09033203125,66.0999984741211,67.5,65.94999694824219,67.3499984741211,22024480
2025-10-28,61.65863037109375,64.5999984741211,65.80000305175781,64.05000305175781,65.44999694824219,23469180
2025-10-29,60.895057678222656,63.79999923706055,65.5,63.400001525878906,63.849998474121094,29582280
2025-10-30,63.71073913574219,66.75,66.75,64.5,64.9000015258789,35392720
2025-10-31,62.80400085449219,65.80000305175781,66.6500015258789,64.25,64.25,33844980
2025-11-03,61.99269485473633,64.94999694824219,65.6500015258789,63.75,64.0,23038440
2025-11-04,65.81056213378906,68.94999694824219,69.1500015258789,66.55000305175781,67.69999694824219,36453300
2025-11-05,64.47431945800781,67.55000305175781,69.6500015258789,66.5,69.19999694824219,27921060
2025-11-06,68.14900970458984,71.4000015258789,71.8499984741211,68.05000305175781,68.0999984741211,40973920
2025-11-07,68.8648681640625,72.1500015258789,76.05000305175781,72.0999984741211,72.69999694824219,45688640
2025-11-10,64.33114624023438,67.4000015258789,69.69999694824219,67.05000305175781,69.0,29860960
2025-11-11,64.8561019897461,67.94999694824219,69.30000305175781,67.5999984741211,68.30000305175781,23134440
2025-11-12,65.0469970703125,68.1500015258789,69.25,66.9000015258789,66.94999694824219,25965800
2025-11-13,69.10347747802734,72.4000015258789,73.0999984741211,69.1500015258789,69.3499984741211,34726220
2025-11-14,68.96031188964844,72.25,76.44999694824219,70.6500015258789,75.6500015258789,44800880
2025-11-17,70.82151794433594,74.19999694824219,75.5,71.0,73.25,39675820
2025-11-18,73.39859008789062,76.9000015258789,78.75,74.69999694824219,75.75,56840520
2025-11-19,72.15777587890625,75.5999984741211,77.5999984741211,73.0999984741211,76.6500015258789,39235980
2025-11-20,77.23554229736328,80.91999816894531,81.26000213623047,70.23999786376953,71.1500015258789,58191700
2025-11-21,75.60340881347656,79.20999908447266,83.0999984741211,76.37000274658203,80.29000091552734,97300400
2025-11-24,69.82888793945312,73.16000366210938,77.19999694824219,72.55999755859375,77.16000366210938,56920200
2025-11-25,68.56897735595703,71.83999633789062,76.0199966430664,71.33999633789062,73.79000091552734,56664100
2025-11-26,66.78412628173828,69.97000122070312,71.36000061035156,69.30999755859375,70.62000274658203,41525600
2025-11-28,65.29515838623047,68.41000366210938,69.69000244140625,68.37000274658203,69.44000244140625,14389800
2025-12-01,65.95374298095703,69.0999984741211,70.63999938964844,68.33999633789062,70.26000213623047,35882800
2025-12-02,64.42658996582031,67.5,68.98999786376953,66.91000366210938,68.3499984741211,37882000
2025-12-03,63.97798538208008,67.02999877929688,68.81999969482422,66.80999755859375,68.30000305175781,37473500
2025-12-04,64.19751739501953,67.26000213623047,68.3499984741211,66.61000061035156,66.62999725341797,33360100
2025-12-05,63.46257400512695,66.48999786376953,67.08000183105469,65.38999938964844,66.87000274658203,38973900
2025-12-08,63.882537841796875,66.93000030517578,67.75,65.47000122070312,66.0,33707700
2025-12-09,63.653472900390625,66.69000244140625,67.80999755859375,66.43000030517578,67.37000274658203,28086600
2025-12-10,62.91852569580078,65.91999816894531,68.0199966430664,65.4000015258789,67.12000274658203,58536100
2025-12-11,63.53893280029297,66.56999969482422,69.05000305175781,66.51000213623047,67.13999938964844,45512400
2025-12-12,67.29000091552734,70.5,71.20999908447266,67.30999755859375,67.79000091552734,55697900
2025-12-15,68.33036041259766,71.58999633789062,72.0,68.87999725341797,68.87999725341797,43859900
2025-12-16,67.92948913574219,71.16999816894531,72.87000274658203,70.55000305175781,72.41000366210938,48792800
2025-12-17,71.7187271118164,75.13999938964844,75.19000244140625,70.52999877929688,70.73999786376953,51019500
2025-12-18,68.64533996582031,71.91999816894531,72.7300033569336,70.4800033569336,71.68000030517578,59184500
2025-12-19,65.97283172607422,69.12000274658203,71.01000213623047,68.9800033569336,70.98999786376953,32157600
2025-12-22,65.10425567626953,68.20999908447266,68.69000244140625,67.37999725341797,67.48999786376953,25375600
2025-12-23,64.17842864990234,67.23999786376953,68.69999694824219,67.18000030517578,68.56999969482422,18866500
2025-12-24,63.676597595214844,65.22000122070312,65.94999694824219,65.12999725341797,65.86000061035156,10762000
2025-12-26,63.783992767333984,65.33000183105469,65.56999969482422,64.80999755859375,65.0999984741211,11011700
2025-12-29,64.73104095458984,66.30000305175781,66.97000122070312,65.69999694824219,66.54000091552734,19643900
